rank,ticker,final_score,grade,bonus,sector,industry,fund_score,quality_score,runway_score,compounder_raw,roic_tier,roic_note,roic_raw,moat_tier,moat_note,gross_margins_raw,growth_tier,growth_note,revenue_cagr_raw,reinvestment_tier,reinvestment_note,reinvestment_rate_raw,fcf_margin_raw,forward_pe_raw,peg_raw,gross_margins_raw,beta_raw,debt_to_equity,price,proximity_52w,proximity_label,mom_pct,mom_raw,momentum_label,rel_volume,tech_score,above_50dma,above_200dma,inst_score,inst_own,inst_trans,short_float,market_cap,insider_score,insider_signal,ceo_action,cfo_action,total_bought,total_sold,net_shares,num_buyers,num_sellers,trade_count,val_note,val_justs_count,debt_stress_label,debt_stress_penalty,interest_coverage,net_debt_to_ebitda,net_debt,cash,roic_trend,roic_trend_bonus,roic_slope,roic_peak,roic_current_q,roic_pct_below_peak,roic_sparkline,earnings_signal,earnings_score,beat_rate,avg_surprise_pct,eps_trend,seg_decomp_status,seg_original_fund_score,seg_blended_score,seg_margin_spread,seg_num_segments,plan_sells_skipped
1,LLY,86.2,A+,7,Healthcare,Drug Manufacturers - General,68.0,9,9,81,3,"21.7% ROIC [tier 3/3, src: NOPAT/IC]",0.21667704186716666,3,"83% gross margin [tier 3/3, src: info.grossMargins]",0.83044,3,32% 3-yr CAGR [tier 3/3],0.31687374880620434,3,"37% reinvested [tier 3/3, src: direct]",0.3710704320604704,0.09150186292932463,21.09708,,0.83044,0.434,165.31,887.81,,,,,,,2,,False,12,74.27,1.13,0.81,829.78B,7,NEUTRAL,NONE,NONE,0,0,0,0,0,0,,0,WATCH,-1,,2.3496671189221594,74468000000.0,7268000000.0,STEADY,0,0.7458432034423671,0.2623064717237303,0.2623064717237303,0.0,25.2%  19.8%↓  25.6%↑  25.1%↓  26.2%↑,STRONG UPGRADE,16,,,,no_data,,,,,0
2,NVDA,69.8,B+,10,Technology,Semiconductors,50.7,9,6,54,3,"58.9% ROIC [tier 3/3, src: NOPAT/IC]",0.5892675182920202,3,"71% gross margin [tier 3/3, src: info.grossMargins]",0.71068,3,100% 3-yr CAGR [tier 3/3],1.0004509499443963,2,"11% reinvested [tier 2/3, src: direct]",0.11363909640721301,0.4477025667005063,15.125918,,0.71068,2.375,7.255,168.65,,,,,,,2,,False,9,68.44,0.31,0.98,4070.74B,7,NEUTRAL,NONE,NONE,0,0,0,0,0,0,,0,SAFE,0,503.42471042471044,0.05182766644149216,6905000000.0,10605000000.0,ACCELERATING,5,2.1727269568429697,0.837645292130117,0.8008148601568623,0.04396900731047567,77.7%  66.8%↓  75.6%↑  83.8%↑  80.1%↓,UPGRADING,12,,,,no_data,,,,,0
3,PANW,68.2,B+,10,Technology,Software - Infrastructure,50.7,9,6,54,3,"34.7% ROIC [tier 3/3, src: tangible NOPAT/IC (goodwill-adjusted)]",0.3465538418099037,3,"74% gross margin [tier 3/3, src: info.grossMargins]",0.73502,2,19% 3-yr CAGR [tier 2/3],0.18788250033170906,3,"23% reinvested [tier 3/3, src: direct]",0.22543084061670396,0.3507151193883511,36.84299,,0.73502,0.822,4.887,145.59,,,,,,,0,,False,9,70.28,0.94,3.1,119.97B,7,NEUTRAL,NONE,NONE,0,0,0,0,0,0,"P/E 37x justified: ROIC 35%, FCF 35%, GM 74%",3,SAFE,0,654.1578947368421,-1.216919876442035,-1930400000.0,2268600000.0,ACCELERATING,5,8.031420793842162,0.7914952681388012,0.7914952681388012,0.0,39.7%  24.7%↓  55.5%↑  26.2%↓  79.1%↑,UPGRADING,12,,,,no_data,,,,,0
4,FTNT,62.6,B+,10,Technology,Software - Infrastructure,41.4,9,4,36,3,"73.8% ROIC [tier 3/3, src: NOPAT/IC]",0.7382942574079885,3,"80% gross margin [tier 3/3, src: info.grossMargins]",0.80456,2,15% 3-yr CAGR [tier 2/3],0.15461947760091377,2,"17% reinvested [tier 2/3, src: direct]",0.17358373695236215,0.3273427787075893,23.586445,,0.80456,1.04,85.802,77.99,,,,,,,2,,False,6,69.23,-0.17,3.13,57.71B,7,NEUTRAL,NONE,NONE,0,0,0,0,0,0,,0,SAFE,0,103.71641791044776,-0.6715697232530067,-1502100000.0,2495300000.0,ACCELERATING,5,12.46103672907487,1.0007916208552745,0.8862222620702022,0.11447873503093642,52.1%  48.5%↓  47.4%↓  100.1%↑  88.6%↓,UPGRADING,15,,,,no_data,,,,,0
5,INCY,62.6,B+,3,Healthcare,Biotechnology,43.4,6,6,36,3,"20.4% ROIC [tier 3/3, src: NOPAT/IC]",0.20409196262099397,2,"53% gross margin [tier 2/3, src: info.grossMargins]",0.52884996,2,15% 3-yr CAGR [tier 2/3],0.14839595478338863,3,"42% reinvested [tier 3/3, src: direct]",0.41507850822258613,0.258620589585428,10.559353,,0.52884996,0.844,1.063,91.48,,,,,,,4,,True,9,102.92,0.96,5.61,17.97B,7,NEUTRAL,NONE,NONE,0,0,0,0,0,0,,0,SAFE,0,553.0436573311367,-2.1361111807453086,-3067618000.0,3097817000.0,STEADY,0,0.3302088504417597,0.2910878958581398,0.2334356444234607,0.1980578796130212,27.0%  18.5%↓  23.4%↑  29.1%↑  23.3%↓,UPGRADING,15,,,,no_data,,,,,0
6,PTC,61.1,B+,10,Technology,Software - Application,40.4,9,4,36,3,"39.4% ROIC [tier 3/3, src: tangible NOPAT/IC (goodwill-adjusted)]",0.39395080974451524,3,"84% gross margin [tier 3/3, src: info.grossMargins]",0.84233004,2,12% 3-yr CAGR [tier 2/3],0.12315411374311114,2,"16% reinvested [tier 2/3, src: direct]",0.16388588405268587,0.2995493293961979,16.749714,,0.84233004,1.042,35.942,138.84,,,,,,,0,,False,6,99.31,-0.24,3.47,16.38B,7,NEUTRAL,NONE,NONE,0,0,0,0,0,0,,0,WATCH,-1,12.958205118217583,2.036895514908544,2308707000.0,184415000.0,AT_TROUGH,3,3.4453618942029682,0.7026164251323592,0.3278854028781603,0.5333365529899289,32.4%  36.5%↑  38.1%↑  70.3%↑  32.8%↓,STRONG UPGRADE,16,,,,no_data,,,,,0
7,PODD,56.5,B,3,Healthcare,Medical Devices,40.4,6,6,36,2,"11.1% ROIC [tier 2/3, src: NOPAT/IC]",0.11084189641387071,3,"72% gross margin [tier 3/3, src: info.grossMargins]",0.71633005,3,28% 3-yr CAGR [tier 3/3],0.27541480232743965,2,"19% reinvested [tier 2/3, src: direct]",0.1922011674416336,0.1292049730793998,26.022175,,0.71633005,1.435,66.176,210.14,,,,,,,0,,False,12,101.81,1.48,3.65,14.66B,7,NEUTRAL,NONE,NONE,0,0,0,0,0,0,,0,WATCH,-1,7.976430976430977,2.030308401276143,1145500000.0,716100000.0,STEADY,0,1.4490068960429048,0.13690307678640173,0.13690307678640173,0.0,9.1%  6.2%↓  11.5%↑  11.4%↓  13.7%↑,NEUTRAL,11,,,,no_data,,,,,0
8,PLTR,56.3,B,7,Technology,Software - Infrastructure,33.2,3,6,18,1,"14.8% ROIC [tier 1/3, src: NOPAT/IC]",0.14755117133829154,3,"82% gross margin [tier 3/3, src: info.grossMargins]",0.82366997,3,33% 3-yr CAGR [tier 3/3],0.32917125287657845,2,"13% reinvested [tier 2/3, src: direct]",0.13217878882303782,0.4693590566495884,76.791664,,0.82366997,1.739,3.063,143.15,,,,,,,1,,False,10,56.07,1.64,2.41,342.15B,7,NEUTRAL,NONE,NONE,0,0,0,0,0,0,"P/E 77x justified: growth 33%, FCF 47%, GM 82%",4,SAFE,0,6.169861375943032,-0.8612390289967782,-1240322000.0,1423796000.0,ACCELERATING,5,5.512954125567436,0.24016734951475033,0.24016734951475033,0.0,0.7%  9.9%↑  13.9%↑  18.3%↑  24.0%↑,UPGRADING,15,,,,no_data,,,,,0
9,ADSK,55.9,B,0,Technology,Software - Application,48.7,9,6,54,3,"41.1% ROIC [tier 3/3, src: tangible NOPAT/IC (goodwill-adjusted)]",0.411038283062645,3,"92% gross margin [tier 3/3, src: info.grossMargins]",0.92326,2,13% 3-yr CAGR [tier 2/3],0.12918055811635742,3,"24% reinvested [tier 3/3, src: direct]",0.23855120308984817,0.32972522311895247,16.3541,,0.92326,1.467,89.787,230.6,,,,,,,1,,False,6,92.09,-0.72,2.67,48.58B,7,NEUTRAL,NONE,NONE,0,0,0,0,0,0,,0,SAFE,0,66.44444444444444,1.4660633484162895,2916000000.0,2249000000.0,DECLINING,-3,-3.2013509911854823,0.6040943301555444,0.4866473317865429,0.19441830937026142,60.4%  54.3%↓  46.2%↓  45.7%↓  48.7%↑,NEUTRAL,10,,,,no_data,,,,,0
10,INTU,54.9,B,5,Technology,Software - Application,38.4,9,4,36,3,"30.1% ROIC [tier 3/3, src: tangible NOPAT/IC (goodwill-adjusted)]",0.3007493639657698,3,"81% gross margin [tier 3/3, src: info.grossMargins]",0.80896,2,14% 3-yr CAGR [tier 2/3],0.1395336514824015,2,"15% reinvested [tier 2/3, src: direct]",0.15168232243465377,0.30232095916448193,15.714446,,0.80896,1.282,,415.3,,,,,,,0,,False,6,87.52,-0.81,2.67,115.17B,7,NEUTRAL,NONE,NONE,0,0,0,0,0,0,,0,SAFE,0,19.991902834008098,1.6807029754654603,9659000000.0,2884000000.0,STEADY,0,-6.2421753014762755,0.8836221537536635,0.2335379030166825,0.7357038842625166,17.6%  88.4%↑  8.3%↓  14.5%↑  23.4%↑,UPGRADING,15,,,,no_data,,,,,0
11,TTD,54.9,B,8,Communication Services,Advertising Agencies,40.4,6,6,36,2,"16.4% ROIC [tier 2/3, src: NOPAT/IC]",0.1636792135751869,3,"79% gross margin [tier 3/3, src: info.grossMargins]",0.78625,2,22% 3-yr CAGR [tier 2/3],0.2244193656887754,3,"25% reinvested [tier 3/3, src: direct]",0.2537403184076805,0.2703319239245408,8.954278,,0.78625,1.19,17.563,21.49,,,,,,,0,,False,6,76.87,-2.02,11.61,10.13B,7,NEUTRAL,NONE,NONE,0,0,0,0,0,0,,0,SAFE,0,8.576058326178384,-0.4229157359542196,-298200000.0,658175000.0,ACCELERATING,5,3.0234188525610812,0.2853777186198963,0.2853777186198963,0.0,19.3%  5.8%↓  12.4%↑  17.5%↑  28.5%↑,NEUTRAL,10,,,,no_data,,,,,0
12,CRM,54.8,B,14,Technology,Software - Application,28.2,9,2,18,3,"40.4% ROIC [tier 3/3, src: tangible NOPAT/IC (goodwill-adjusted)]",0.4036228728585344,3,"78% gross margin [tier 3/3, src: info.grossMargins]",0.77676004,1,10% 3-yr CAGR [tier 1/3],0.09820006113830493,2,"16% reinvested [tier 2/3, src: direct]",0.15862734002197093,0.34682722802435484,12.059172,,0.77676004,1.307,29.947,179.75,,,,,,,0,,False,6,84.09,-0.68,2.55,165.50B,7,NEUTRAL,NONE,NONE,0,0,0,0,0,0,,0,SAFE,0,,1.2543831686324514,15740000000.0,7327000000.0,ACCELERATING,5,3.1921425584930487,0.39017933879562255,0.39017933879562255,0.0,27.1%  25.4%↓  29.2%↑  33.5%↑  39.0%↑,STRONG UPGRADE,16,,,,no_data,,,,,0
13,GILD,53.3,B,7,Healthcare,Drug Manufacturers - General,25.3,9,3,27,3,"22.2% ROIC [tier 3/3, src: tangible NOPAT/IC (goodwill-adjusted)]",0.22184386099644812,3,"79% gross margin [tier 3/3, src: info.grossMargins]",0.78839993,1,3% 3-yr CAGR [tier 1/3],0.025736179862614117,3,"22% reinvested [tier 3/3, src: direct]",0.21607852225842722,0.3211629214831323,14.097316,,0.78839993,0.374,112.923,135.84,,,,,,,6,,True,12,89.32,1.22,1.61,168.75B,7,NEUTRAL,NONE,NONE,0,0,0,0,0,0,,0,WATCH,-1,11.4267578125,2.5374455431851186,36694000000.0,7564000000.0,STEADY,0,1.3549477025545982,0.2795689022693349,0.22660266871460114,0.18945681413344903,18.9%  22.0%↑  23.2%↑  28.0%↑  22.7%↓,UPGRADING,13,,,,no_data,,,,,0
14,ISRG,53.3,B,7,Healthcare,Medical Instruments & Supplies,29.3,6,4,24,2,"13.1% ROIC [tier 2/3, src: NOPAT/IC]",0.13055122307001796,3,"66% gross margin [tier 3/3, src: info.grossMargins]",0.65996003,2,17% 3-yr CAGR [tier 2/3],0.17386716793068868,2,"18% reinvested [tier 2/3, src: direct]",0.18396970833393955,0.24746886614136057,39.589924,,0.65996003,1.68,0.953,453.56,,,,,,,1,,False,9,85.68,0.31,1.8,160.75B,7,NEUTRAL,NONE,NONE,0,0,0,0,0,0,"P/E 40x justified: FCF 25%, GM 66%, iROIC 34%",3,SAFE,0,8.050013664935776,-0.9297189863633855,-3368000000.0,3368000000.0,STEADY,0,0.5884824851743103,0.15323092459605028,0.15323092459605028,0.0,14.1%  10.7%↓  13.2%↑  14.2%↑  15.3%↑,STRONG UPGRADE,16,,,,no_data,,,,,0
15,APP,52.5,B,8,Communication Services,Advertising Agencies,36.2,9,2,18,3,"35.7% ROIC [tier 3/3, src: NOPAT/IC]",0.35735989364660026,3,"88% gross margin [tier 3/3, src: info.grossMargins]",0.87864,2,25% 3-yr CAGR [tier 2/3],0.2483811324958407,1,"5% reinvested [tier 1/3, src: direct]",0.04649537812280321,0.7193905731454688,19.160751,,0.87864,2.505,171.801,388.51,,,,,,,0,,False,6,70.89,-2.52,5.89,129.18B,7,NEUTRAL,NONE,NONE,0,0,0,0,0,0,,0,SAFE,0,20.056005332921128,1.0483119116790423,4556689000.0,2487096000.0,ACCELERATING,5,4.525810614483953,0.4390463799140073,0.4390463799140073,0.0,23.6%  35.5%↑  37.0%↑  40.1%↑  43.9%↑,NEUTRAL,11,,,,no_data,,,,,0
16,EXPE,51.7,C+,12,Consumer Cyclical,Travel Services,27.2,9,2,18,3,"61.4% ROIC [tier 3/3, src: tangible NOPAT/IC (goodwill-adjusted)]",0.6135619389587074,3,"90% gross margin [tier 3/3, src: info.grossMargins]",0.90116996,1,8% 3-yr CAGR [tier 1/3],0.08087962506974211,2,"14% reinvested [tier 2/3, src: direct]",0.13893979803575207,0.2110907532443522,9.9242325,,0.90116996,1.41,254.692,227.49,,,,,,,4,,True,6,96.68,-1.09,5.81,27.71B,7,NEUTRAL,NONE,NONE,0,0,0,0,0,0,,0,SAFE,0,7.234113712374582,1.239016393442623,3779000000.0,5413000000.0,RECOVERING,7,20.133417343520197,1.2445810055865922,0.6217881508078995,0.5004036314093994,24.4%  -1.4%↓  70.5%↑  124.5%↑  62.2%↓,NEUTRAL,11,,,,no_data,,,,,0
17,JNJ,51.0,C+,10,Healthcare,Drug Manufacturers - General,27.3,9,3,27,3,"33.0% ROIC [tier 3/3, src: tangible NOPAT/IC (goodwill-adjusted)]",0.3301631153563556,3,"68% gross margin [tier 3/3, src: info.grossMargins]",0.68081003,1,6% 3-yr CAGR [tier 1/3],0.05599284954178807,3,"21% reinvested [tier 3/3, src: direct]",0.21107725526777352,0.20503646670287243,19.261734,,0.68081003,0.326,60.499,242.04,,,,,,,8,,True,9,75.94,0.67,0.97,579.46B,7,NEUTRAL,NONE,NONE,0,0,0,0,0,0,,0,SAFE,0,26.360453141091657,1.7875766639475512,59167000000.0,19709000000.0,ACCELERATING,5,2.2510059290081252,0.36574933124551445,0.28847350804147276,0.21128083253327726,22.6%  26.6%↑  35.9%↑  36.6%↑  28.8%↓,NEUTRAL,8,,,,no_data,,,,,0
18,VRT,50.8,C+,10,Industrials,Electrical Equipment & Parts,22.1,6,2,12,3,"24.8% ROIC [tier 3/3, src: tangible NOPAT/IC (goodwill-adjusted)]",0.24792261096951443,2,"36% gross margin [tier 2/3, src: info.grossMargins]",0.36317003,2,22% 3-yr CAGR [tier 2/3],0.2158543401649824,1,"2% reinvested [tier 1/3, src: direct]",0.022131203005524347,0.18449837699923435,31.222164,,0.36317003,2.076,81.899,252.73,,,,,,,10,,True,6,80.2,,2.37,96.06B,7,NEUTRAL,NONE,NONE,0,0,0,0,0,0,"P/E 31x justified: growth 22%, iROIC 27%",2,SAFE,0,22.02322880371661,1.950743831640058,4301000000.0,1728400000.0,ACCELERATING,5,1.9200469143562215,0.3174016086855781,0.3174016086855781,0.0,25.8%  10.8%↓  15.5%↑  18.2%↑  31.7%↑,STRONG UPGRADE,16,,,,no_data,,,,,0
19,FFIV,50.2,C+,7,Technology,Software - Infrastructure,20.2,9,2,18,3,"48.7% ROIC [tier 3/3, src: tangible NOPAT/IC (goodwill-adjusted)]",0.487472376422891,3,"81% gross margin [tier 3/3, src: info.grossMargins]",0.81385005,1,5% 3-yr CAGR [tier 1/3],0.04631913174341684,2,"19% reinvested [tier 2/3, src: direct]",0.18545358603365503,0.2882926606395766,16.711697,,0.81385005,0.994,7.566,281.27,,,,,,,2,,False,15,107.65,6.61,3.34,15.81B,7,NEUTRAL,NONE,NONE,0,0,0,0,0,0,,0,SAFE,0,,-1.259881968518904,-1113524000.0,1344273000.0,STEADY,0,-0.9645481414809065,0.6419488831687704,0.5435135634414371,0.1533382521696114,64.2%  44.1%↓  48.2%↑  54.2%↑  54.4%↑,UPGRADING,14,,,,no_data,,,,,0
20,FICO,49.5,C+,3,Technology,Software - Application,33.4,9,4,36,3,"36.6% ROIC [tier 3/3, src: tangible NOPAT/IC (goodwill-adjusted)]",0.3661473296738076,3,"83% gross margin [tier 3/3, src: info.grossMargins]",0.82857,2,13% 3-yr CAGR [tier 2/3],0.1306838755794808,2,"11% reinvested [tier 2/3, src: direct]",0.11040690908107138,0.35843440104035135,18.954195,,0.82857,1.277,,1008.95,,,,,,,0,,False,12,89.68,1.17,5.39,23.98B,7,NEUTRAL,NONE,NONE,0,0,0,0,0,0,,0,STRESS,-8,7.00181822263126,5.466729566099099,5197351000.0,134136000.0,STEADY,0,1.9200202340389172,0.4575098610191926,0.3306333980507872,0.27731962473063054,26.5%  32.8%↑  45.8%↑  38.8%↓  33.1%↓,NEUTRAL,9,,,,no_data,,,,,0
21,BMY,49.4,C+,5,Healthcare,Drug Manufacturers - General,24.2,6,3,18,2,"16.7% ROIC [tier 2/3, src: tangible NOPAT/IC (goodwill-adjusted)]",0.1670769894594095,3,"73% gross margin [tier 3/3, src: info.grossMargins]",0.72623,1,1% 3-yr CAGR [tier 1/3],0.01449177656319045,3,"23% reinvested [tier 3/3, src: direct]",0.23368054673195812,0.26652695993358216,9.591364,,0.72623,0.266,254.982,58.9,,,,,,,8,,True,12,81.91,1.13,1.47,119.89B,7,NEUTRAL,NONE,NONE,0,0,0,0,0,0,,0,WATCH,-3,7.25753569539926,4.359571468846913,77317000000.0,10209000000.0,STEADY,0,2.3209229526483015,0.18493688552554044,0.13698267891265486,0.25930039038244174,2.4%  16.6%↑  18.5%↑  17.2%↓  13.7%↓,NEUTRAL,11,,,,no_data,,,,,0
22,META,48.8,C+,3,Communication Services,Internet Content & Information,36.4,6,6,36,2,"18.4% ROIC [tier 2/3, src: NOPAT/IC]",0.18393450964713381,3,"82% gross margin [tier 3/3, src: info.grossMargins]",0.81999,2,20% 3-yr CAGR [tier 2/3],0.19893831442939258,3,"63% reinvested [tier 3/3, src: direct]",0.6322611893807643,0.22943682410424482,14.605768,,0.81999,1.279,39.164,527.77,,,,,,,0,,False,6,66.47,-0.82,1.11,1329.69B,7,NEUTRAL,NONE,NONE,0,0,0,0,0,0,,0,SAFE,0,71.48154506437768,1.0261355160365877,104555000000.0,35873000000.0,STEADY,0,-1.0731515589328187,0.2855207459171401,0.2186204640577514,0.23430970539283888,28.6%  21.2%↓  23.8%↑  23.9%↑  21.9%↓,NEUTRAL,11,,,,no_data,,,,,0
23,HOOD,48.8,C+,1,Financial Services,Capital Markets,38.4,4,9,36,2,"18.1% ROIC [tier 2/3, src: NOPAT/IC]",0.18099124726477023,2,"18% ROE proxy [tier 2/3, financial sector]",0.92376,3,49% 3-yr CAGR [tier 3/3],0.4878747583673768,3,"21% reinvested [tier 3/3, src: direct]",0.21260899029889904,0.35412475355778766,24.210808,,0.92376,2.479,136.04,67.11,,,,,,,0,,False,6,61.73,-1.48,3.98,59.44B,7,NEUTRAL,NONE,NONE,0,0,0,0,0,0,,0,SAFE,0,,-1.9545871559633028,-4261000000.0,4261000000.0,STEADY,0,0.9350064008529496,0.234224349247111,0.22472647702407003,0.04055031961267415,22.1%  14.8%↓  17.2%↑  23.4%↑  22.5%↓,NEUTRAL,11,,,,no_data,,,,,0
24,EME,47.0,C+,7,Industrials,Engineering & Construction,15.1,3,2,6,3,"81.4% ROIC [tier 3/3, src: tangible NOPAT/IC (goodwill-adjusted)]",0.8143193853182432,1,"19% gross margin [tier 1/3, src: info.grossMargins]",0.19327,2,15% 3-yr CAGR [tier 2/3],0.15320031490276653,1,"1% reinvested [tier 1/3, src: direct]",0.006637654368563198,0.07001550891387141,23.30914,,0.19327,1.14,12.913,736.77,,,,,,,6,,True,12,97.26,2.57,1.8,32.60B,7,NEUTRAL,NONE,NONE,0,0,0,0,0,0,,0,SAFE,0,130.49434276206324,-0.4233550356076086,-742972000.0,1111968000.0,ACCELERATING,5,4.3993584773140215,1.027294112367762,0.890619873325719,0.13304294981991951,80.1%  76.6%↓  90.7%↑  102.7%↑  89.1%↓,UPGRADING,15,,,,no_data,,,,,0
25,TER,47.0,C+,12,Technology,Semiconductor Equipment & Materials,15.1,4,3,12,2,"19.0% ROIC [tier 2/3, src: NOPAT/IC]",0.19023228708678086,2,"58% gross margin [tier 2/3, src: info.grossMargins]",0.58224,1,0% 3-yr CAGR [tier 1/3],0.003681989032964239,3,"23% reinvested [tier 3/3, src: direct]",0.228401107520718,0.14119204402107657,36.078102,,0.58224,1.801,10.131,298.08,,,,,,,10,,True,6,97.05,-6.86,3.34,46.28B,7,NEUTRAL,NONE,NONE,0,0,0,0,0,0,P/E 36x — 0/1 justifications → -3,0,SAFE,0,100.58501314636284,-0.2814792318261641,-229852000.0,293751000.0,ACCELERATING,5,3.564714594347657,0.34066194790902804,0.34066194790902804,0.0,17.4%  15.0%↓  10.2%↓  17.3%↑  34.1%↑,STRONG UPGRADE,16,,,,no_data,,,,,0
26,MU,46.2,C+,9,Technology,Semiconductors,17.1,2,3,6,1,"9.6% ROIC [tier 1/3, src: NOPAT/IC]",0.09636278849980104,2,"58% gross margin [tier 2/3, src: info.grossMargins]",0.58437,1,7% 3-yr CAGR [tier 1/3],0.06713489726936261,3,"34% reinvested [tier 3/3, src: direct]",0.3381854467275096,0.028699736715415213,3.6601005,,0.58437,1.542,14.902,363.49,,,,,,,10,,True,6,79.39,-0.32,2.62,402.97B,7,NEUTRAL,NONE,NONE,0,0,0,0,0,0,,0,SAFE,0,20.563941299790358,0.9145421507626232,16609000000.0,9642000000.0,ACCELERATING,5,11.395829259164286,0.5664296664963228,0.5664296664963228,0.0,7.5%  8.7%↑  14.5%↑  24.4%↑  56.6%↑,STRONG UPGRADE,16,,,,no_data,,,,,0
27,NEM,46.1,C+,6,Basic Materials,Gold,24.9,4,4,16,2,"19.6% ROIC [tier 2/3, src: NOPAT/IC]",0.1958961149978629,2,"63% gross margin [tier 2/3, src: info.grossMargins]",0.63236,2,24% 3-yr CAGR [tier 2/3],0.23911830284606483,2,"14% reinvested [tier 2/3, src: direct]",0.14120604793290142,0.3219815507223516,9.128926,,0.63236,0.389,16.738,102.08,,,,,,,8,,True,6,79.77,-0.4,1.96,111.07B,7,NEUTRAL,NONE,NONE,0,0,0,0,0,0,,0,SAFE,0,48.1353711790393,0.21699645599527467,2939000000.0,7647000000.0,ACCELERATING,5,2.9508957369707325,0.2824970193237802,0.2824970193237802,0.0,16.1%  13.7%↓  16.3%↑  18.8%↑  28.2%↑,NEUTRAL,11,,,,no_data,,,,,0
28,AVGO,45.6,C+,3,Technology,Semiconductors,32.3,6,4,24,2,"27.4% ROIC [tier 2/3, src: tangible NOPAT/IC (goodwill-adjusted)]",0.2739772032027239,3,"77% gross margin [tier 3/3, src: info.grossMargins]",0.76725996,2,24% 3-yr CAGR [tier 2/3],0.24378426000041764,2,"17% reinvested [tier 2/3, src: direct]",0.1698837191166864,0.39415951864711185,16.9307,,0.76725996,1.257,166.032,301.69,,,,,,,2,,False,9,78.15,0.6,1.13,1424.21B,7,NEUTRAL,NONE,NONE,0,0,0,0,0,0,,0,WATCH,-1,8.123052959501557,3.092969870875179,107790000000.0,16178000000.0,STEADY,0,-0.4248839366331641,0.3683688560243584,0.34498494564053467,0.06347960746789488,36.8%  31.7%↓  28.7%↓  32.2%↑  34.5%↑,DOWNGRADING,6,,,,no_data,,,,,0
29,LULU,45.5,C+,5,Consumer Cyclical,Apparel Retail,22.2,9,2,18,3,"35.2% ROIC [tier 3/3, src: NOPAT/IC]",0.3519309938122746,3,"57% gross margin [tier 3/3, src: info.grossMargins]",0.56601,2,19% 3-yr CAGR [tier 2/3],0.1916805291773731,1,"6% reinvested [tier 1/3, src: direct]",0.06207843100543488,0.14262253639836373,10.964787,,0.56601,1.013,36.245,145.57,,,,,,,0,,False,12,78.6,3.66,4.7,17.61B,7,NEUTRAL,NONE,NONE,0,0,0,0,0,0,,0,SAFE,0,,-0.2315880145829191,-683699000.0,1984336000.0,STEADY,0,-4.347104497355863,0.5854997151839997,0.23159949120068063,0.6044413255984284,29.8%  58.5%↑  24.3%↓  28.3%↑  23.2%↓,UPGRADING,13,,,,no_data,,,,,0
30,APO,44.9,C+,9,Financial Services,Asset Management,18.4,4,9,36,2,"13.0% ROIC [tier 2/3, src: NOPAT/IC]",0.13029659070482733,2,"13% ROE proxy [tier 2/3, financial sector]",0.37342,3,43% 3-yr CAGR [tier 3/3],0.42964764687572576,3,"64% reinvested [tier 3/3, src: direct]",0.64029998,,10.112679,,0.37342,1.638,99.468,109.3,,,,,,,1,,False,9,67.06,0.63,7.25,62.89B,7,NEUTRAL,NONE,NONE,0,0,0,0,0,0,,0,SAFE,0,22.318918918918918,0.772835173908556,7488000000.0,19240000000.0,RECOVERING,6,0.32942336788828175,0.20710179962395917,0.13285266332461204,0.35851516710218584,15.8%  12.4%↓  10.5%↓  20.7%↑  13.3%↓,UPGRADING,14,,,,no_data,,,,,0
31,GOOGL,44.8,C+,5,Communication Services,Internet Content & Information,22.3,4,6,24,2,"19.6% ROIC [tier 2/3, src: NOPAT/IC]",0.19562506836460355,2,"60% gross margin [tier 2/3, src: info.grossMargins]",0.59652,2,13% 3-yr CAGR [tier 2/3],0.12511745609215974,3,"38% reinvested [tier 3/3, src: direct]",0.37865037201280033,0.18187550418850768,20.558273,,0.59652,1.112,16.133,276.45,,,,,,,6,,True,5,38.33,0.17,1.38,3316.46B,5,LIGHT SELLING,SELLING,NONE,0,114241.0,-114241.0,0,5,29,,0,SAFE,0,175.32472826086956,0.5002830031629766,75130000000.0,30708000000.0,STEADY,0,-1.423420611977426,0.27297162667588926,0.2179059418195635,0.20172677111862464,27.3%  25.5%↓  23.4%↓  22.3%↓  21.8%↓,STRONG UPGRADE,16,,,,no_data,,,,,0
32,GOOG,44.8,C+,5,Communication Services,Internet Content & Information,22.3,4,6,24,2,"19.6% ROIC [tier 2/3, src: NOPAT/IC]",0.19562506836460355,2,"60% gross margin [tier 2/3, src: info.grossMargins]",0.59652,2,13% 3-yr CAGR [tier 2/3],0.12511745609215974,3,"38% reinvested [tier 3/3, src: direct]",0.37865037201280033,0.18187550418850768,20.512848,,0.59652,1.112,16.133,275.89,,,,,,,4,,True,6,60.95,,,3.31T,5,LIGHT SELLING,SELLING,NONE,0,114241.0,-114241.0,0,5,29,,0,SAFE,0,175.32472826086956,0.5002830031629766,75130000000.0,30708000000.0,STEADY,0,-1.423420611977426,0.27297162667588926,0.2179059418195635,0.20172677111862464,27.3%  25.5%↓  23.4%↓  22.3%↓  21.8%↓,STRONG UPGRADE,16,,,,no_data,,,,,0
33,ANET,44.8,C+,1,Technology,Computer Hardware,29.3,4,6,24,2,"24.6% ROIC [tier 2/3, src: NOPAT/IC]",0.24625673982458268,2,"64% gross margin [tier 2/3, src: info.grossMargins]",0.64056,3,27% 3-yr CAGR [tier 3/3],0.27146525721597636,2,"15% reinvested [tier 2/3, src: direct]",0.15066013586246788,0.4721898302930118,28.53276,,0.64056,1.46,0.732,121.81,,,,,,,2,,False,9,70.05,0.5,1.48,151.38B,7,NEUTRAL,NONE,NONE,0,0,0,0,0,0,,0,SAFE,0,10.057642149191445,-0.4998854582940922,-1963900000.0,1963900000.0,STEADY,0,0.13473951967585107,0.2858655610185661,0.26385061234388263,0.07701154555393838,25.3%  26.8%↑  28.6%↑  26.0%↓  26.4%↑,NEUTRAL,10,,,,no_data,,,,,0
34,MRK,44.8,C+,7,Healthcare,Drug Manufacturers - General,17.2,6,3,18,2,"12.0% ROIC [tier 2/3, src: NOPAT/IC]",0.11953328405404295,3,"77% gross margin [tier 3/3, src: info.grossMargins]",0.77212,1,3% 3-yr CAGR [tier 1/3],0.03122213027882159,3,"31% reinvested [tier 3/3, src: direct]",0.3061174295966324,0.19012167377590958,12.3421755,,0.77212,0.264,95.959,120.64,,,,,,,8,,True,9,80.54,0.53,1.18,295.77B,7,NEUTRAL,NONE,NONE,0,0,0,0,0,0,,0,WATCH,-1,16.29108327192336,2.824655573447844,78935000000.0,14565000000.0,STEADY,0,-0.6818134907861428,0.16270973001569777,0.08791836064227342,0.4596613205996267,11.9%  16.3%↑  15.0%↓  15.7%↑  8.8%↓,UPGRADING,13,,,,no_data,,,,,0
35,ALGN,44.7,C+,11,Healthcare,Medical Instruments & Supplies,9.1,6,2,12,2,"11.2% ROIC [tier 2/3, src: NOPAT/IC]",0.11191539514199399,3,"70% gross margin [tier 3/3, src: info.grossMargins]",0.69805,1,3% 3-yr CAGR [tier 1/3],0.026117671821406674,2,"12% reinvested [tier 2/3, src: direct]",0.11706572939587648,0.12163132159102344,13.437559,,0.69805,1.823,2.826,165.37,,,,,,,4,,True,6,95.3,-3.59,4.46,11.73B,15,STRONG BUY,BUYING,NONE,7618.0,7969.0,-351.0,2,1,7,,0,SAFE,0,36.47933935805547,-1.2305131468118389,-1012401000.0,1094908000.0,UNKNOWN,0,,,,,,UPGRADING,13,,,,no_data,,,,,0
36,ACGL,43.2,C,10,Financial Services,Insurance - Diversified,13.1,4,3,12,2,"13.7% ROIC [tier 2/3, src: NOPAT/IC]",0.1365402508090615,2,"14% ROE proxy [tier 2/3, financial sector]",0.37162,3,26% 3-yr CAGR [tier 3/3],0.2614046974297357,1,"0% reinvested [tier 1/3, src: direct]",0.0022078378313664317,0.3074915961503067,9.31092,,0.37162,0.365,11.919,94.08,,,,,,,4,,True,6,92.46,-1.7,1.53,33.62B,7,NEUTRAL,NONE,NONE,0,0,0,0,0,0,,0,SAFE,0,34.641891891891895,0.8392857142857143,4465000000.0,993000000.0,ACCELERATING,5,1.5268629318149078,0.16680034275921166,0.15180016181229775,0.0899289575715546,11.7%  8.3%↓  16.1%↑  16.7%↑  15.2%↓,STRONG UPGRADE,16,,,,no_data,,,,,0
37,DECK,43.2,C,8,Consumer Cyclical,Footwear & Accessories,22.2,9,2,18,3,"34.1% ROIC [tier 3/3, src: NOPAT/IC]",0.3405120680232569,3,"58% gross margin [tier 3/3, src: info.grossMargins]",0.57545,2,17% 3-yr CAGR [tier 2/3],0.16534288549837894,1,"2% reinvested [tier 1/3, src: direct]",0.016032687324809062,0.17830775972317153,12.869834,,0.57545,1.161,13.14,94.05,,,,,,,2,,False,6,97.11,-4.29,2.8,13.29B,7,NEUTRAL,NONE,NONE,0,0,0,0,0,0,,0,SAFE,0,335.25504691498435,-1.3359855328740748,-1666666000.0,1889188000.0,ACCELERATING,5,2.6429730191009493,0.6751356898557327,0.6751356898557327,0.0,63.1%  20.1%↓  19.2%↓  37.6%↑  67.5%↑,NEUTRAL,11,,,,no_data,,,,,0
38,IDXX,43.2,C,8,Healthcare,Diagnostics & Research,24.1,6,2,12,3,"43.7% ROIC [tier 3/3, src: NOPAT/IC]",0.43743042759233913,2,"62% gross margin [tier 2/3, src: info.grossMargins]",0.61797,1,9% 3-yr CAGR [tier 1/3],0.08522326458275908,2,"9% reinvested [tier 2/3, src: direct]",0.09048790983952733,0.24248402796482088,34.270744,,0.61797,1.696,60.827,563.95,,,,,,,1,,False,6,93.2,-0.3,2.29,44.47B,7,NEUTRAL,NONE,NONE,0,0,0,0,0,0,"P/E 34x justified: ROIC 44%, FCF 24%, GM 62%",4,SAFE,0,35.005430865849895,0.44562766490346223,670765000.0,180070000.0,ACCELERATING,5,2.288877976013341,0.4780143125468353,0.4060355391907396,0.15057869914521296,31.9%  40.9%↑  47.8%↑  46.4%↓  40.6%↓,NEUTRAL,10,,,,no_data,,,,,0
39,VRTX,43.2,C,8,Healthcare,Biotechnology,23.1,4,3,12,2,"17.4% ROIC [tier 2/3, src: NOPAT/IC]",0.17449808429118774,2,"54% gross margin [tier 2/3, src: info.grossMargins]",0.53665,1,10% 3-yr CAGR [tier 1/3],0.10352183400647985,3,"37% reinvested [tier 3/3, src: direct]",0.37330121077011813,0.26612115956286764,20.016577,,0.53665,0.315,10.908,439.66,,,,,,,4,,True,9,94.1,0.02,1.63,110.01B,7,NEUTRAL,NONE,NONE,0,0,0,0,0,0,,0,SAFE,0,342.43609022556393,-0.6573191721590194,-3131600000.0,5084800000.0,ACCELERATING,5,16.012442056936923,0.20437975106507392,0.17322605363984675,0.1524304499975045,-61.5%  18.0%↑  19.5%↑  20.4%↑  17.3%↓,DOWNGRADING,5,,,,no_data,,,,,0
40,BIIB,42.5,C,5,Healthcare,Drug Manufacturers - General,15.2,6,3,18,2,"12.6% ROIC [tier 2/3, src: tangible NOPAT/IC (goodwill-adjusted)]",0.12623679714196956,3,"79% gross margin [tier 3/3, src: info.grossMargins]",0.78946,1,-1% 3-yr CAGR [tier 1/3],-0.00935320400320594,3,"20% reinvested [tier 3/3, src: direct]",0.20362768821225932,0.1990981348697026,11.458235,,0.78946,0.145,36.466,186.02,,,,,,,8,,True,12,96.1,4.43,2.96,27.26B,7,NEUTRAL,NONE,NONE,0,0,0,0,0,0,,0,WATCH,-1,9.229906542056074,3.0334882575640987,9855500000.0,3008500000.0,STEADY,0,-1.9333371013340976,0.19110758575325504,0.07884047840944393,0.5874550029048176,14.3%  19.1%↑  18.5%↓  12.6%↓  7.9%↓,NEUTRAL,11,,,,no_data,,,,,0
41,BKNG,42.5,C,10,Consumer Cyclical,Travel Services,22.2,9,2,18,3,"25.6% ROIC [tier 3/3, src: NOPAT/IC]",0.25557770729497054,3,"87% gross margin [tier 3/3, src: info.grossMargins]",0.87357,2,16% 3-yr CAGR [tier 2/3],0.1634869878187224,1,"1% reinvested [tier 1/3, src: direct]",0.011962700522085182,0.337593352932261,13.050514,,0.87357,1.227,,4090.23,,,,,,,0,,False,6,93.6,-2.08,3.02,129.32B,7,NEUTRAL,NONE,NONE,0,0,0,0,0,0,,0,SAFE,0,5.740259740259741,1.6981094527363183,17066000000.0,17203000000.0,RECOVERING,7,3.439086060421098,0.4480011514519089,0.22358230804084905,0.5009336308260589,20.9%  13.4%↓  24.7%↑  44.8%↑  22.4%↓,NEUTRAL,10,,,,no_data,,,,,0
42,AMD,42.4,C,2,Technology,Semiconductors,17.1,2,6,12,1,"11.0% ROIC [tier 1/3, src: tangible NOPAT/IC (goodwill-adjusted)]",0.11016874929215902,2,"52% gross margin [tier 2/3, src: info.grossMargins]",0.52493,2,14% 3-yr CAGR [tier 2/3],0.13643599335368428,3,"26% reinvested [tier 3/3, src: direct]",0.2616992441248668,0.1944340219725293,18.880136,,0.52493,2.022,6.359,202.85,,,,,,,4,,True,12,68.61,2.73,1.99,330.03B,7,NEUTRAL,NONE,NONE,0,17500.0,-17500.0,0,1,90,,0,SAFE,0,28.198473282442748,-0.03254702896386981,-218000000.0,5539000000.0,UNKNOWN,0,,,,,,UPGRADING,13,,,,no_data,,,,,80
43,AAPL,42.4,C,5,Technology,Consumer Electronics,21.1,3,2,6,3,"45.6% ROIC [tier 3/3, src: NOPAT/IC]",0.456226208716562,1,"47% gross margin [tier 1/3, src: info.grossMargins]",0.47325,1,2% 3-yr CAGR [tier 1/3],0.01812535743479393,2,"11% reinvested [tier 2/3, src: direct]",0.10850127381590917,0.22672898150800597,27.013363,,0.47325,1.116,102.63,251.85,,,,,,,4,,True,9,65.61,0.54,0.85,3664.12B,7,NEUTRAL,NONE,NONE,0,0,0,0,0,0,,0,SAFE,0,,0.8340149777544422,120722000000.0,35934000000.0,ACCELERATING,5,2.041435443767638,0.6652273555224375,0.6652273555224375,0.0,57.7%  41.8%↓  38.6%↓  44.5%↑  66.5%↑,NEUTRAL,9,,,,no_data,,,,,0
44,JKHY,42.4,C,9,Technology,Information Technology Services,9.1,3,2,6,3,"70.1% ROIC [tier 3/3, src: tangible NOPAT/IC (goodwill-adjusted)]",0.7011585189809215,1,"44% gross margin [tier 1/3, src: info.grossMargins]",0.43842,1,7% 3-yr CAGR [tier 1/3],0.06927595521734675,2,"16% reinvested [tier 2/3, src: direct]",0.1598426526710619,0.16649747145289273,22.05916,,0.43842,0.726,3.109,153.65,,,,,,,2,,False,12,104.24,3.96,5.67,11.06B,7,NEUTRAL,NONE,NONE,0,0,0,0,0,0,,0,SAFE,0,54.485054608162486,-0.13181316308667737,-101953000.0,101953000.0,ACCELERATING,5,4.018326298576906,0.8638623037302393,0.7154927349217437,0.1717514101122618,63.7%  62.0%↓  76.8%↑  86.4%↑  71.5%↓,STRONG UPGRADE,16,,,,no_data,,,,,0
45,LRCX,42.1,C,5,Technology,Semiconductor Equipment & Materials,21.7,2,2,4,2,"26.9% ROIC [tier 2/3, src: NOPAT/IC]",0.2692870539809157,1,"50% gross margin [tier 1/3, src: info.grossMargins]",0.49800998,1,2% 3-yr CAGR [tier 1/3],0.02285830538778799,2,"14% reinvested [tier 2/3, src: direct]",0.1388861472822816,0.2633238353583539,30.612186,,0.49800998,1.787,44.195,212.91,,,,,,,10,,True,6,85.31,-0.12,2.16,264.00B,7,NEUTRAL,NONE,NONE,0,0,0,0,0,0,"P/E 31x justified: ROIC 27%, FCF 26%, iROIC 222%",3,SAFE,0,33.113741070576815,0.1684726776195297,1059229000.0,6390659000.0,ACCELERATING,5,2.1193330004776856,0.3274386412078193,0.3249230743014307,0.007682559691517947,23.7%  29.1%↑  31.8%↑  32.7%↑  32.5%↓,NEUTRAL,10,,,,no_data,,,,,0
46,DXCM,41.8,C,6,Healthcare,Medical Devices,32.3,4,6,24,2,"13.5% ROIC [tier 2/3, src: NOPAT/IC]",0.13451391223155929,2,"60% gross margin [tier 2/3, src: info.grossMargins]",0.60101,2,17% 3-yr CAGR [tier 2/3],0.1701360960301399,3,"21% reinvested [tier 3/3, src: direct]",0.20647790080884357,0.23105962471565167,20.904787,,0.60101,1.526,50.852,62.47,,,,,,,1,,False,6,95.75,-2.29,4.29,24.09B,7,NEUTRAL,NONE,NONE,0,0,0,0,0,0,,0,SAFE,0,49.82513661202186,1.4535063595737368,1691300000.0,917700000.0,ACCELERATING,5,1.8454997036332133,0.1906031746031746,0.1906031746031746,0.0,12.7%  8.7%↓  13.0%↑  14.4%↑  19.1%↑,STRONG DOWNGRADE,2,,,,no_data,,,,,0
47,FITB,41.8,C,3,Financial Services,Banks - Regional,15.4,4,2,8,2,"12.2% ROIC [tier 2/3, src: info.returnOnEquity (proxy)]",0.121929996,2,"12% ROE proxy [tier 2/3, financial sector]",0.0,1,3% 3-yr CAGR [tier 1/3],0.02874687207964821,2,"8% reinvested [tier 2/3, src: direct]",0.08485936759940138,0.4554159290771823,9.130195,,0.0,0.967,,44.95,,,,,,,4,,True,15,69.41,5.77,4.34,40.19B,7,NEUTRAL,NONE,NONE,0,0,0,0,0,0,,0,SAFE,0,,,23679000000.0,3499000000.0,UNKNOWN,0,,,,,,NEUTRAL,10,,,,no_data,,,,,0
48,AMGN,41.7,C,5,Healthcare,Drug Manufacturers - General,14.2,6,3,18,2,"10.6% ROIC [tier 2/3, src: tangible NOPAT/IC (goodwill-adjusted)]",0.10593690926275992,3,"71% gross margin [tier 3/3, src: info.grossMargins]",0.70783997,1,12% 3-yr CAGR [tier 1/3],0.11766399097603264,3,"25% reinvested [tier 3/3, src: direct]",0.2484286172157498,0.22040216861419204,15.040855,,0.70783997,0.425,640.275,350.4,,,,,,,6,,True,12,82.48,1.42,2.66,188.88B,7,NEUTRAL,NONE,NONE,0,0,0,0,0,0,,0,STRESS,-8,3.2958257713248638,6.378956973397909,90881000000.0,9129000000.0,STEADY,0,1.0936166001022054,0.12693761814744803,0.12693761814744803,0.0,10.1%  5.3%↓  11.7%↑  11.0%↓  12.7%↑,NEUTRAL,11,,,,no_data,,,,,0
49,ALL,41.6,C,10,Financial Services,Insurance - Property & Casualty,13.1,6,1,6,2,"24.1% ROIC [tier 2/3, src: NOPAT/IC]",0.24069341425039334,3,"24% ROE proxy [tier 3/3, financial sector]",0.31301,1,10% 3-yr CAGR [tier 1/3],0.09835266933147047,1,"0% reinvested [tier 1/3, src: direct]",0.003368545509383613,0.1459998540514424,8.126634,,0.31301,0.206,25.091,205.01,,,,,,,4,,True,9,81.72,0.43,2.16,53.40B,7,NEUTRAL,NONE,NONE,0,0,0,0,0,37,,0,SAFE,0,33.97243107769424,0.9405143549191423,13202000000.0,678000000.0,ACCELERATING,5,5.577250736276527,0.3560593391773432,0.3560593391773432,0.0,22.1%  6.8%↓  22.0%↑  35.6%↑  35.6%↑,NEUTRAL,11,,,,no_data,,,,,13
50,HWM,41.6,C,6,Industrials,Aerospace & Defense,19.1,6,2,12,3,"24.9% ROIC [tier 3/3, src: tangible NOPAT/IC (goodwill-adjusted)]",0.24889766125428273,2,"34% gross margin [tier 2/3, src: info.grossMargins]",0.34174,2,13% 3-yr CAGR [tier 2/3],0.13371585224230054,1,"6% reinvested [tier 1/3, src: direct]",0.05937954251076553,0.17341250067939892,41.668335,,0.34174,1.188,60.022,229.95,,,,,,,6,,True,6,93.41,-1.26,2.73,91.80B,7,NEUTRAL,NONE,NONE,0,0,0,0,0,0,P/E 42x justified: iROIC 108%,1,WATCH,-1,14.006622516556291,2.125521267723103,5097000000.0,742000000.0,ACCELERATING,5,1.50627274929156,0.2645493817965142,0.2645493817965142,0.0,20.0%  22.0%↑  23.2%↑  24.1%↑  26.5%↑,NEUTRAL,11,,,,no_data,,,,,0
51,MA,41.6,C,3,Financial Services,Credit Services,26.1,6,2,12,2,"52.9% ROIC [tier 2/3, src: tangible NOPAT/IC (goodwill-adjusted)]",0.5293067811158798,3,"53% ROE proxy [tier 3/3, financial sector]",1.0,2,14% 3-yr CAGR [tier 2/3],0.1382198495222513,1,"4% reinvested [tier 1/3, src: direct]",0.037052850952112984,0.501143621149031,21.23994,,1.0,0.836,256.042,481.39,,,,,,,1,,False,6,82.05,-0.68,0.77,431.85B,7,NEUTRAL,NONE,NONE,0,0,0,0,0,0,,0,SAFE,0,27.02770083102493,1.2555550176695551,25936000000.0,10566000000.0,STEADY,0,0.078913199319261,0.5564854935622318,0.5564854935622318,0.0,49.9%  46.2%↓  33.9%↓  35.6%↑  55.6%↑,NEUTRAL,11,,,,no_data,,,,,0
52,MNST,41.6,C,10,Consumer Defensive,Beverages - Non-Alcoholic,13.1,9,1,9,3,"23.2% ROIC [tier 3/3, src: NOPAT/IC]",0.23155617299894793,3,"56% gross margin [tier 3/3, src: info.grossMargins]",0.55848,1,10% 3-yr CAGR [tier 1/3],0.09536818669323455,1,"2% reinvested [tier 1/3, src: direct]",0.01899234174536628,0.23397247505831675,28.319038,,0.55848,0.437,0.8,72.13,,,,,,,4,,True,6,69.3,,3.2,70.27B,7,NEUTRAL,NONE,NONE,0,0,0,0,0,0,,0,SAFE,0,38.29606648199446,-0.8241065279551029,-2088117000.0,2088117000.0,AT_TROUGH,3,-1.9741326240724721,0.44944835136823397,0.20774182261729554,0.5377848823232366,30.4%  43.2%↑  44.9%↑  42.7%↓  20.8%↓,UPGRADING,14,,,,no_data,,,,,0
53,QCOM,41.6,C,3,Technology,Semiconductors,25.1,4,3,12,2,"19.3% ROIC [tier 2/3, src: NOPAT/IC]",0.19263516172188558,2,"55% gross margin [tier 2/3, src: info.grossMargins]",0.55101,1,0% 3-yr CAGR [tier 1/3],0.0006330832838727929,3,"23% reinvested [tier 3/3, src: direct]",0.22809638251165776,0.28573340080119725,11.514383,,0.55101,1.267,64.218,128.46,,,,,,,1,,False,9,78.59,0.16,3.72,135.63B,7,NEUTRAL,NONE,NONE,0,0,0,0,0,0,,0,SAFE,0,18.66566265060241,1.722063446699057,24102000000.0,5520000000.0,STEADY,0,-0.1580688466433014,0.21074966231427286,0.20180545278615744,0.04243997086352475,21.1%  18.2%↓  15.4%↓  18.4%↑  20.2%↑,NEUTRAL,9,,,,no_data,,,,,0
54,RMD,41.0,C,1,Healthcare,Medical Instruments & Supplies,28.3,6,4,24,3,"34.0% ROIC [tier 3/3, src: tangible NOPAT/IC (goodwill-adjusted)]",0.33953172052692265,2,"61% gross margin [tier 2/3, src: info.grossMargins]",0.61474,2,13% 3-yr CAGR [tier 2/3],0.12879187738214926,2,"8% reinvested [tier 2/3, src: direct]",0.08001416920250311,0.3058372790436225,18.145866,,0.61474,0.887,13.411,221.3,,,,,,,1,,False,12,68.39,2.33,8.18,32.12B,7,NEUTRAL,NONE,NONE,0,0,0,0,0,0,,0,SAFE,0,410.1589693728731,0.13537246419388468,260349000.0,1209450000.0,STEADY,0,1.1222277844225792,0.41289333047637655,0.41289333047637655,0.0,37.9%  36.1%↓  36.7%↑  40.6%↑  41.3%↑,DOWNGRADING,4,,,,no_data,,,,,0
55,ABBV,40.9,C,5,Healthcare,Drug Manufacturers - General,26.2,9,2,18,3,"60.3% ROIC [tier 3/3, src: tangible NOPAT/IC (goodwill-adjusted)]",0.6027834111883331,3,"72% gross margin [tier 3/3, src: info.grossMargins]",0.71620005,1,2% 3-yr CAGR [tier 1/3],0.017525049181538188,2,"17% reinvested [tier 2/3, src: direct]",0.16857422729022215,0.2913014969352665,13.1242895,,0.71620005,0.334,,211.4,,,,,,,2,,False,12,75.71,1.37,1.42,374.71B,0,HEAVY SELLING,NONE,NONE,0,101944.17,-101944.17,0,4,17,,0,WATCH,-1,6.944694089180781,3.9905419766206163,112653000000.0,5229000000.0,UNKNOWN,0,,,,,,NEUTRAL,8,,,,no_data,,,,,0
56,EW,40.9,C,5,Healthcare,Medical Devices,22.2,6,3,18,2,"11.1% ROIC [tier 2/3, src: NOPAT/IC]",0.11126971282969493,3,"78% gross margin [tier 3/3, src: info.grossMargins]",0.78011,1,11% 3-yr CAGR [tier 1/3],0.1077223514087009,3,"22% reinvested [tier 3/3, src: direct]",0.22074626347411197,0.22002110029710278,23.800886,,0.78011,0.934,6.824,78.71,,,,,,,2,,False,9,88.21,0.62,1.91,45.75B,7,NEUTRAL,NONE,NONE,0,0,0,0,0,0,,0,SAFE,0,80.20588235294117,-0.9252565818830879,-1658800000.0,2938000000.0,STEADY,0,0.06829227904525614,0.11704723483231243,0.1007289442875835,0.1394162841019466,9.9%  11.4%↑  11.5%↑  11.7%↑  10.1%↓,NEUTRAL,8,,,,no_data,,,,,0
57,NTAP,40.9,C,5,Technology,Software - Infrastructure,19.2,9,2,18,3,"32.5% ROIC [tier 3/3, src: tangible NOPAT/IC (goodwill-adjusted)]",0.3253612716763006,3,"70% gross margin [tier 3/3, src: info.grossMargins]",0.70458,1,1% 3-yr CAGR [tier 1/3],0.01322518858633348,2,"18% reinvested [tier 2/3, src: direct]",0.17588313701452343,0.19943359095375623,12.019387,,0.70458,1.349,236.097,102.43,,,,,,,2,,False,12,101.15,1.78,9.42,20.19B,7,NEUTRAL,NONE,NONE,0,0,0,0,0,0,,0,SAFE,0,22.265625,1.4652278177458034,2444000000.0,2742000000.0,STEADY,0,-17.479551394857957,1.2728725701943844,0.3831111111111111,0.6990184877244978,127.3%  36.0%↓  29.0%↓  39.1%↑  38.3%↓,NEUTRAL,8,,,,no_data,,,,,0
58,TECH,40.8,C,11,Healthcare,Biotechnology,11.1,6,2,12,2,"14.2% ROIC [tier 2/3, src: tangible NOPAT/IC (goodwill-adjusted)]",0.14227141579280747,3,"67% gross margin [tier 3/3, src: info.grossMargins]",0.66605,1,3% 3-yr CAGR [tier 1/3],0.03326268869106985,2,"11% reinvested [tier 2/3, src: direct]",0.1073579825545771,0.21105186452603603,23.473293,,0.66605,1.475,17.449,51.08,,,,,,,1,,False,15,110.79,7.59,7.99,7.95B,7,NEUTRAL,NONE,NONE,0,0,0,0,0,0,,0,SAFE,0,28.534962980373724,1.740180943389272,613774000.0,162186000.0,RECOVERING,6,0.6507326594333356,0.27349647019730994,0.133137627908524,0.5132016591933569,11.2%  9.1%↓  27.3%↑  11.4%↓  13.3%↑,NEUTRAL,8,,,,no_data,,,,,0
59,ABNB,40.3,C,3,Consumer Cyclical,Travel Services,33.4,9,4,36,3,"24.5% ROIC [tier 3/3, src: NOPAT/IC]",0.24512257592389317,3,"83% gross margin [tier 3/3, src: info.grossMargins]",0.82959,2,13% 3-yr CAGR [tier 2/3],0.13378255972989694,2,"19% reinvested [tier 2/3, src: direct]",0.19230454324381707,0.2894371321241863,21.287457,,0.82959,1.163,27.698,123.96,,,,,,,2,,False,7,58.79,0.45,3.48,74.88B,7,NEUTRAL,NONE,NONE,0,0,0,0,0,69,,0,SAFE,0,3.608510638297872,-2.5786163522012577,-6560000000.0,6560000000.0,UNKNOWN,0,,,,,,STRONG DOWNGRADE,0,,,,no_data,,,,,66
60,KLAC,40.3,C,3,Technology,Semiconductor Equipment & Materials,23.4,4,2,8,2,"23.8% ROIC [tier 2/3, src: NOPAT/IC]",0.23834458477237994,2,"62% gross margin [tier 2/3, src: info.grossMargins]",0.61574,1,10% 3-yr CAGR [tier 1/3],0.09685534331651668,2,"13% reinvested [tier 2/3, src: direct]",0.13343231016755705,0.29359026755576734,30.475574,,0.61574,1.448,111.778,1463.95,,,,,,,8,,True,6,90.7,-0.64,2.29,189.17B,7,NEUTRAL,NONE,NONE,0,0,0,0,0,0,"P/E 30x justified: FCF 29%, GM 62%, iROIC 82%",3,SAFE,0,16.59427930342924,1.8209810264379942,9848439000.0,2078908000.0,STEADY,0,-0.2008716950122685,0.2578950086250796,0.24723117915492795,0.04134949926717813,25.3%  25.8%↑  25.7%↓  25.0%↓  24.7%↓,NEUTRAL,8,,,,no_data,,,,,0
61,FIX,40.1,C,4,Industrials,Engineering & Construction,14.1,3,3,9,3,"68.3% ROIC [tier 3/3, src: tangible NOPAT/IC (goodwill-adjusted)]",0.6827502441060648,1,"24% gross margin [tier 1/3, src: info.grossMargins]",0.24125999,3,30% 3-yr CAGR [tier 3/3],0.30025058911956903,1,"2% reinvested [tier 1/3, src: direct]",0.01701923917211136,0.1133260511532493,30.691313,,0.24125999,1.602,19.739,1358.0,,,,,,,10,,True,6,95.39,-2.09,1.93,47.58B,7,NEUTRAL,NONE,NONE,0,0,0,0,0,0,"P/E 31x justified: growth 30%, ROIC 68%, iROIC 54%",3,SAFE,0,188.02678699326745,-0.27580721228345895,-401182000.0,981898000.0,STEADY,0,-1.7987608347784023,1.0226170165626436,0.8870554323228692,0.13256339572310463,97.6%  85.9%↓  102.3%↑  85.8%↓  88.7%↑,STRONG UPGRADE,16,,,,no_data,,,,,0
62,BSX,39.5,C,3,Healthcare,Medical Devices,23.3,6,4,24,2,"14.9% ROIC [tier 2/3, src: tangible NOPAT/IC (goodwill-adjusted)]",0.14882537122254377,3,"69% gross margin [tier 3/3, src: info.grossMargins]",0.68781,2,17% 3-yr CAGR [tier 2/3],0.16541890019606442,2,"16% reinvested [tier 2/3, src: direct]",0.15851349701757583,0.16957257820484856,17.688028,,0.68781,0.7,48.921,69.15,,,,,,,0,,False,9,93.57,0.25,1.72,102.94B,7,NEUTRAL,NONE,NONE,0,0,0,0,0,0,,0,WATCH,-1,11.378223495702006,3.7804832365611536,20184000000.0,1965000000.0,STEADY,0,0.06784067386216369,0.16125583203732505,0.15605863655771146,0.032229503974843025,15.8%  15.1%↓  15.2%↑  16.1%↑  15.6%↓,NEUTRAL,9,,,,no_data,,,,,0
63,CBOE,39.3,C,5,Financial Services,Financial Data & Stock Exchanges,17.1,6,1,6,2,"32.8% ROIC [tier 2/3, src: tangible NOPAT/IC (goodwill-adjusted)]",0.3276913593775683,3,"33% ROE proxy [tier 3/3, financial sector]",0.51527,1,6% 3-yr CAGR [tier 1/3],0.059967260789602905,1,"2% reinvested [tier 1/3, src: direct]",0.015060879690319396,0.3567095110879028,21.98891,,0.51527,0.336,30.958,280.49,,,,,,,6,,True,6,89.4,-0.65,3.11,29.23B,7,NEUTRAL,NONE,NONE,0,0,0,0,0,0,,0,SAFE,0,28.950286806883366,0.4828597616865261,790200000.0,2216500000.0,STEADY,0,0.2615396656650115,0.3827584319627831,0.3712147279601118,0.030159241544269178,34.3%  38.3%↑  36.1%↓  35.2%↓  37.1%↑,NEUTRAL,11,,,,no_data,,,,,0
64,ROL,39.3,C,10,Consumer Cyclical,Personal Services,19.1,9,1,9,3,"84.3% ROIC [tier 3/3, src: tangible NOPAT/IC (goodwill-adjusted)]",0.8431085411240394,3,"53% gross margin [tier 3/3, src: info.grossMargins]",0.52752,1,12% 3-yr CAGR [tier 1/3],0.1173929088277419,1,"1% reinvested [tier 1/3, src: direct]",0.007467595262926398,0.17282965678283416,37.513268,,0.52752,0.796,75.529,52.74,,,,,,,2,,False,10,58.86,3.66,2.91,25.24B,7,NEUTRAL,NONE,NONE,0,0,0,0,0,0,"P/E 38x justified: ROIC 84%, iROIC 40%",2,SAFE,0,25.424329434834373,1.366994118559682,1163055000.0,100004000.0,ACCELERATING,5,5.072214682471228,0.8474013781202554,0.7434731278258262,0.12264347566317112,66.6%  49.5%↓  81.7%↑  84.7%↑  74.3%↓,STRONG DOWNGRADE,3,,,,no_data,,,,,0
65,NTRS,38.8,C,5,Financial Services,Asset Management,15.4,4,2,8,2,"13.5% ROIC [tier 2/3, src: info.returnOnEquity (proxy)]",0.13492,2,"13% ROE proxy [tier 2/3, financial sector]",0.0,1,6% 3-yr CAGR [tier 1/3],0.06147673310710999,2,"10% reinvested [tier 2/3, src: direct]",0.09565228399487412,0.588010740398869,12.181444,,0.0,1.266,,136.04,,,,,,,4,,True,6,85.23,-2.62,1.14,25.08B,7,NEUTRAL,NONE,NONE,0,0,0,0,0,0,,0,SAFE,0,,,-33139000000.0,61127400000.0,UNKNOWN,0,,,,,,UPGRADING,13,,,,no_data,,,,,0
66,JPM,38.7,C,1,Financial Services,Banks - Diversified,18.3,4,6,24,2,"16.1% ROIC [tier 2/3, src: info.returnOnEquity (proxy)]",0.16134001,2,"16% ROE proxy [tier 2/3, financial sector]",0.0,2,12% 3-yr CAGR [tier 2/3],0.12497052294076494,3,"71% reinvested [tier 3/3, src: direct]",0.7102999999999999,,12.102462,,0.0,1.059,,284.68,,,,,,,2,,False,12,74.78,1.85,0.89,762.83B,7,NEUTRAL,NONE,NONE,0,0,0,0,0,0,,0,SAFE,0,,,524602000000.0,343338000000.0,UNKNOWN,0,,,,,,NEUTRAL,10,,,,no_data,,,,,0
67,MSFT,38.7,C,1,Technology,Software - Infrastructure,22.3,4,6,24,2,"23.0% ROIC [tier 2/3, src: NOPAT/IC]",0.23012809936086306,2,"69% gross margin [tier 2/3, src: info.grossMargins]",0.68586,2,12% 3-yr CAGR [tier 2/3],0.12423114652863054,3,"32% reinvested [tier 3/3, src: direct]",0.3176888026127328,0.2344419547182103,19.058657,,0.68586,1.108,31.539,359.19,,,,,,,0,,False,9,74.73,0.29,1.09,2649.24B,7,NEUTRAL,NONE,NONE,0,0,0,0,0,0,,0,SAFE,0,53.89014675052411,0.41491630860395495,67499000000.0,30242000000.0,STEADY,0,-3.805714631412639,0.3925306396355031,0.2524662366668754,0.35682412740745284,39.3%  36.6%↓  24.6%↓  26.6%↑  25.2%↓,NEUTRAL,11,,,,no_data,,,,,0
68,AME,38.5,C,8,Industrials,Specialty Industrial Machinery,14.1,6,1,6,3,"102.1% ROIC [tier 3/3, src: tangible NOPAT/IC (goodwill-adjusted)]",1.0208757618599869,2,"36% gross margin [tier 2/3, src: info.grossMargins]",0.36383,1,6% 3-yr CAGR [tier 1/3],0.06364055992660522,1,"2% reinvested [tier 1/3, src: direct]",0.017598426667579825,0.225846340452519,24.251259,,0.36383,1.013,24.194,211.77,,,,,,,6,,True,6,92.04,,1.4,48.12B,7,NEUTRAL,NONE,NONE,0,0,0,0,0,0,,0,SAFE,0,23.510436409284466,0.7246589439639007,1690717000.0,457951000.0,ACCELERATING,5,8.827943805742667,1.0805208179721164,1.0805208179721164,0.0,72.8%  61.4%↓  51.1%↓  79.2%↑  108.1%↑,NEUTRAL,10,,,,no_data,,,,,0
69,MCO,38.5,C,3,Financial Services,Financial Data & Stock Exchanges,22.1,6,2,12,2,"27.2% ROIC [tier 2/3, src: tangible NOPAT/IC (goodwill-adjusted)]",0.27159682224429,3,"27% ROE proxy [tier 3/3, financial sector]",0.74435997,2,12% 3-yr CAGR [tier 2/3],0.12173969738374057,1,"4% reinvested [tier 1/3, src: direct]",0.04223892130000234,0.3336356513727179,22.958858,,0.74435997,1.442,176.813,429.25,,,,,,,1,,False,6,92.99,-0.52,1.35,75.32B,7,NEUTRAL,NONE,NONE,0,0,0,0,0,0,,0,SAFE,0,12.320284697508896,3.010147133434805,11866000000.0,2384000000.0,STEADY,0,0.8490105556801973,0.3020399022801303,0.24978748758689176,0.17299838299105405,20.9%  29.8%↑  27.8%↓  30.2%↑  25.0%↓,NEUTRAL,11,,,,no_data,,,,,0
70,NDAQ,38.5,C,5,Financial Services,Financial Data & Stock Exchanges,17.1,6,1,6,2,"21.5% ROIC [tier 2/3, src: tangible NOPAT/IC (goodwill-adjusted)]",0.21468446330838825,3,"21% ROE proxy [tier 3/3, financial sector]",1.0,1,10% 3-yr CAGR [tier 1/3],0.09890131082105791,1,"5% reinvested [tier 1/3, src: direct]",0.050676319916800244,0.37892932449066047,18.684944,,1.0,1.035,77.878,82.22,,,,,,,2,,False,9,75.51,0.05,1.58,46.32B,7,NEUTRAL,NONE,NONE,0,0,0,0,0,0,,0,SAFE,0,6.872881355932203,5.5477977161500815,17004000000.0,604000000.0,STEADY,0,0.8310936502732547,0.22977326035965598,0.22977326035965598,0.0,19.3%  20.7%↑  22.1%↑  21.7%↓  23.0%↑,NEUTRAL,10,,,,no_data,,,,,0
71,HIG,38.2,C,7,Financial Services,Insurance - Diversified,9.7,4,1,4,2,"14.1% ROIC [tier 2/3, src: NOPAT/IC]",0.14132282385195338,2,"14% ROE proxy [tier 2/3, financial sector]",0.37432998,1,9% 3-yr CAGR [tier 1/3],0.08703196529784973,1,"1% reinvested [tier 1/3, src: direct]",0.005955737135278495,0.20274174993643304,9.220182,,0.37432998,0.516,23.937,133.71,,,,,,,4,,True,6,95.05,-0.41,2.11,36.79B,7,NEUTRAL,NONE,NONE,0,0,0,0,0,0,,0,SAFE,0,24.91959798994975,1.60765639589169,8609000000.0,133000000.0,STEADY,0,1.072723995578557,0.16665776847877062,0.16665776847877062,0.0,14.1%  10.3%↓  15.6%↑  15.9%↑  16.7%↑,STRONG UPGRADE,16,,,,no_data,,,,,0
72,ADBE,37.8,C,5,Technology,Software - Application,27.2,9,2,18,3,"62.2% ROIC [tier 3/3, src: tangible NOPAT/IC (goodwill-adjusted)]",0.6223072747014116,3,"89% gross margin [tier 3/3, src: info.grossMargins]",0.89396006,1,11% 3-yr CAGR [tier 1/3],0.10522339932516123,2,"18% reinvested [tier 2/3, src: direct]",0.18292234704091084,0.40289536397206654,8.887929,,0.89396006,1.532,58.34,234.19,,,,,,,0,,False,6,85.19,-0.9,3.23,94.66B,7,NEUTRAL,NONE,NONE,0,149.0,-149.0,0,1,55,,0,SAFE,0,33.10266159695818,0.7717345653086938,7350000000.0,5431000000.0,UNKNOWN,0,,,,,,DOWNGRADING,4,,,,no_data,,,,,0
73,CDNS,37.8,C,0,Technology,Software - Application,25.2,3,6,18,1,"12.3% ROIC [tier 1/3, src: NOPAT/IC]",0.12329536921151439,3,"86% gross margin [tier 3/3, src: info.grossMargins]",0.86364,2,14% 3-yr CAGR [tier 2/3],0.14143248241855333,3,"36% reinvested [tier 3/3, src: direct]",0.3607192771873072,0.2996002016919485,29.262426,,0.86364,1.025,48.707,275.96,,,,,,,1,,False,6,87.57,-0.72,2.28,75.00B,7,NEUTRAL,NONE,NONE,0,0,0,0,0,0,,0,SAFE,0,14.156228280176075,1.1123615369301214,2095272000.0,3001317000.0,STEADY,0,0.05695340491420883,0.14797390033341082,0.13907321793965813,0.060150353364329195,14.8%  11.7%↓  11.7%↑  14.1%↑  13.9%↓,NEUTRAL,10,,,,no_data,,,,,0
74,USB,37.8,C,5,Financial Services,Banks - Regional,9.1,4,3,12,2,"12.2% ROIC [tier 2/3, src: info.returnOnEquity (proxy)]",0.12184,2,"12% ROE proxy [tier 2/3, financial sector]",0.0,1,6% 3-yr CAGR [tier 1/3],0.05675735260226378,3,"56% reinvested [tier 3/3, src: direct]",0.5584,,9.187308,,0.0,1.041,,51.11,,,,,,,4,,True,12,82.23,1.82,1.58,79.01B,7,NEUTRAL,NONE,NONE,0,0,0,0,0,0,,0,SAFE,0,,,74638000000.0,46890000000.0,UNKNOWN,0,,,,,,UPGRADING,12,,,,no_data,,,,,0
75,WDAY,37.8,C,0,Technology,Software - Application,27.2,3,6,18,1,"9.5% ROIC [tier 1/3, src: tangible NOPAT/IC (goodwill-adjusted)]",0.09459307764265669,3,"76% gross margin [tier 3/3, src: info.grossMargins]",0.75701,2,15% 3-yr CAGR [tier 2/3],0.15396978072353007,3,"30% reinvested [tier 3/3, src: direct]",0.2974246231155779,0.29072445561139026,9.990944,,0.75701,1.167,48.956,124.25,,,,,,,0,,False,6,77.18,-0.2,7.47,31.91B,7,NEUTRAL,NONE,NONE,0,0,0,0,0,0,,0,WATCH,-1,8.982456140350877,3.776075857038658,5177000000.0,1501000000.0,STEADY,0,1.7069619188071212,0.11269878391019644,0.11269878391019644,0.0,3.3%  4.3%↑  5.0%↑  5.4%↑  11.3%↑,NEUTRAL,9,,,,no_data,,,,,0
76,XYL,37.8,C,6,Industrials,Specialty Industrial Machinery,17.1,6,2,12,3,"28.4% ROIC [tier 3/3, src: tangible NOPAT/IC (goodwill-adjusted)]",0.2837323943661972,2,"38% gross margin [tier 2/3, src: info.grossMargins]",0.38462,2,18% 3-yr CAGR [tier 2/3],0.1783579915890725,1,"6% reinvested [tier 1/3, src: direct]",0.06164914353476874,0.10071942660078914,19.468422,,0.38462,1.169,21.066,118.78,,,,,,,1,,False,9,94.71,0.57,1.66,28.58B,7,NEUTRAL,NONE,NONE,0,0,0,0,0,0,,0,SAFE,0,45.724137931034484,0.7033140452393477,1337000000.0,1479000000.0,ACCELERATING,5,2.9765276870182866,0.33037919826652223,0.33037919826652223,0.0,21.8%  18.2%↓  24.1%↑  25.4%↑  33.0%↑,NEUTRAL,9,,,,no_data,,,,,0
77,GRMN,37.6,C,1,Technology,Scientific & Technical Instruments,18.9,4,4,16,2,"16.2% ROIC [tier 2/3, src: NOPAT/IC]",0.16220152365022036,2,"59% gross margin [tier 2/3, src: info.grossMargins]",0.58744,2,14% 3-yr CAGR [tier 2/3],0.14235886942453901,2,"19% reinvested [tier 2/3, src: direct]",0.19276424908970163,0.18810426535239896,22.745419,,0.58744,0.949,2.184,231.42,,,,,,,4,,True,7,57.2,0.44,1.85,44.23B,7,NEUTRAL,NONE,NONE,0,0,0,0,0,0,,0,SAFE,0,14.55744370470382,-1.023719086512966,-2113811000.0,2278646000.0,STEADY,0,0.5700373443641943,0.21239377201323922,0.21239377201323922,0.0,20.4%  12.6%↓  18.0%↑  16.7%↓  21.2%↑,NEUTRAL,11,,,,no_data,,,,,0
78,KEYS,37.5,C,2,Technology,Scientific & Technical Instruments,8.7,2,2,4,1,"10.8% ROIC [tier 1/3, src: tangible NOPAT/IC (goodwill-adjusted)]",0.10789522918615528,2,"62% gross margin [tier 2/3, src: info.grossMargins]",0.61864,1,-0% 3-yr CAGR [tier 1/3],-0.0027752224099102385,2,"20% reinvested [tier 2/3, src: direct]",0.19992953348837936,0.2256473413203647,27.10378,,0.61864,1.137,44.674,279.22,,,,,,,10,,True,12,92.38,1.14,1.33,47.86B,7,NEUTRAL,NONE,NONE,0,0,0,0,0,0,,0,WATCH,-1,9.125,2.9409722222222223,3388000000.0,1873000000.0,STEADY,0,1.2481902732907677,0.11637659637659638,0.11637659637659638,0.0,7.7%  6.1%↓  6.8%↑  10.7%↑  11.6%↑,UPGRADING,14,,,,no_data,,,,,0
79,TDY,37.2,C,7,Technology,Scientific & Technical Instruments,10.4,2,1,2,2,"23.2% ROIC [tier 2/3, src: tangible NOPAT/IC (goodwill-adjusted)]",0.23222344369167838,1,"43% gross margin [tier 1/3, src: info.grossMargins]",0.42758,1,4% 3-yr CAGR [tier 1/3],0.03859891847624208,1,"7% reinvested [tier 1/3, src: direct]",0.07106648565183549,0.17562219417871908,23.303932,,0.42758,0.975,25.13,602.2,,,,,,,6,,True,6,95.79,-0.81,2.36,27.47B,7,NEUTRAL,NONE,NONE,0,0,0,0,0,0,,0,WATCH,-1,19.29194630872483,2.579166947042595,3832900000.0,352400000.0,ACCELERATING,5,2.288005396342338,0.2661945545187268,0.2661945545187268,0.0,18.5%  16.0%↓  22.8%↑  22.6%↓  26.6%↑,UPGRADING,13,,,,no_data,,,,,0
80,SPGI,37.0,C,10,Financial Services,Financial Data & Stock Exchanges,18.1,6,1,6,2,"86.6% ROIC [tier 2/3, src: tangible NOPAT/IC (goodwill-adjusted)]",0.8658167882046096,3,"87% ROE proxy [tier 3/3, financial sector]",0.70246005,1,11% 3-yr CAGR [tier 1/3],0.11107613003386319,1,"1% reinvested [tier 1/3, src: direct]",0.012715180393203728,0.35576422679651043,18.519373,,0.70246005,1.221,37.912,408.84,,,,,,,1,,False,6,90.04,-0.83,1.27,121.38B,7,NEUTRAL,NONE,NONE,0,0,0,0,0,0,,0,SAFE,0,21.522648083623693,3.1931756389342034,23489000000.0,1745000000.0,ACCELERATING,5,2.250516038073662,0.9332294617563739,0.7871826262841326,0.15649616890295717,70.4%  87.4%↑  85.7%↓  93.3%↑  78.7%↓,DOWNGRADING,6,,,,no_data,,,,,0
81,MPWR,36.8,C,1,Technology,Semiconductors,24.9,4,4,16,2,"16.2% ROIC [tier 2/3, src: NOPAT/IC]",0.1620800969964823,2,"55% gross margin [tier 2/3, src: info.grossMargins]",0.55179,2,16% 3-yr CAGR [tier 2/3],0.1586149467868072,2,"20% reinvested [tier 2/3, src: direct]",0.1996818530434679,0.23768886356067717,40.864227,,0.55179,1.49,0.683,1062.08,,,,,,,6,,True,9,98.41,0.35,4.25,51.72B,7,NEUTRAL,NONE,NONE,0,0,0,0,0,0,"P/E 41x justified: FCF 24%, iROIC 26%",2,SAFE,0,24.995231724469143,-1.3817210288946156,-1079330000.0,1099302000.0,STEADY,0,0.17222510236668015,0.17789758547800924,0.17789758547800924,0.0,17.4%  16.3%↓  15.2%↓  17.2%↑  17.8%↑,STRONG DOWNGRADE,1,,,,no_data,,,,,0
82,ABT,36.5,C,7,Healthcare,Medical Devices,14.4,4,2,8,2,"14.7% ROIC [tier 2/3, src: tangible NOPAT/IC (goodwill-adjusted)]",0.14695255474452554,2,"57% gross margin [tier 2/3, src: info.grossMargins]",0.56664,1,1% 3-yr CAGR [tier 1/3],0.005127944169646348,2,"12% reinvested [tier 2/3, src: direct]",0.11534469912539573,0.1668245746200472,17.133652,,0.56664,0.744,26.787,104.9,,,,,,,1,,False,9,81.18,0.48,1.16,182.72B,15,STRONG BUY,BUYING,NONE,28800.0,5785.0,23015.0,2,6,20,,0,SAFE,0,16.33468559837728,1.0923986032769273,12201000000.0,8522000000.0,UNKNOWN,0,,,,,,STRONG DOWNGRADE,1,,,,no_data,,,,,0
83,KEY,36.5,C,2,Financial Services,Banks - Regional,14.4,2,1,2,2,"9.5% ROIC [tier 2/3, src: info.returnOnEquity (proxy)]",0.09482,1,"9% ROE proxy [tier 1/3, financial sector]",0.0,1,1% 3-yr CAGR [tier 1/3],0.012139724073507496,1,"2% reinvested [tier 1/3, src: direct]",0.015270443702396405,0.29984301139004527,9.208237,,0.0,1.086,,19.61,,,,,,,4,,True,6,88.56,-2.56,2.23,21.19B,7,NEUTRAL,NONE,NONE,0,0,0,0,0,0,,0,SAFE,0,,,18547000000.0,1287000000.0,UNKNOWN,0,,,,,,UPGRADING,14,,,,no_data,,,,,0
84,NFLX,36.4,C,1,Communication Services,Entertainment,32.3,6,4,24,3,"50.7% ROIC [tier 3/3, src: tangible NOPAT/IC (goodwill-adjusted)]",0.5070068434259547,2,"48% gross margin [tier 2/3, src: info.grossMargins]",0.48487,2,13% 3-yr CAGR [tier 2/3],0.12639718371360664,2,"9% reinvested [tier 2/3, src: direct]",0.09029074252516654,0.20939391276125768,24.30618,,0.48487,1.714,63.782,93.52,,,,,,,1,,False,6,81.01,-2.25,1.93,394.48B,7,NEUTRAL,NONE,NONE,0,0,0,0,0,0,,0,SAFE,0,17.16217820762128,0.5948463205332543,17894261000.0,9033681000.0,STEADY,0,1.1058525220242665,0.5479387440358195,0.44994163169843465,0.17884683900173098,36.1%  52.9%↑  54.8%↑  46.2%↓  45.0%↓,STRONG DOWNGRADE,0,,,,no_data,,,,,0
85,IBKR,36.3,C,-2,Financial Services,Capital Markets,18.2,6,3,18,2,"129.5% ROIC [tier 2/3, src: NOPAT/IC]",1.2946690285288085,3,"129% ROE proxy [tier 3/3, financial sector]",0.92543,3,35% 3-yr CAGR [tier 3/3],0.34597874218853675,1,"1% reinvested [tier 1/3, src: direct]",0.010790787677663135,2.5356740477183344,23.599955,,0.92543,1.251,124.331,64.9,,,,,,,2,,False,9,87.84,0.25,2.8,28.61B,7,NEUTRAL,NONE,NONE,0,0,0,0,0,0,,0,SAFE,0,2.0831950699217825,-0.5587705471740599,-4963000000.0,4963000000.0,CLIFF,-7,-5.189963851956285,1.5320093457943926,1.4123662129405183,0.07809556330861399,153.2%  136.1%↓  137.1%↑  108.1%↓  141.2%↑,UPGRADING,13,,,,no_data,,,,,0
86,BRO,35.7,D,6,Financial Services,Insurance Brokers,8.4,4,2,8,2,"18.0% ROIC [tier 2/3, src: tangible NOPAT/IC (goodwill-adjusted)]",0.1801943811693242,2,"18% ROE proxy [tier 2/3, financial sector]",0.49071997,2,17% 3-yr CAGR [tier 2/3],0.17384548109418518,1,"1% reinvested [tier 1/3, src: direct]",0.011799410422607461,0.23980566476534576,12.914958,,0.49071997,0.798,62.976,64.21,,,,,,,0,,False,12,81.49,1.9,6.22,21.95B,7,NEUTRAL,NONE,NONE,0,0,0,0,0,0,,0,SAFE,0,4.908496732026144,6.9299090422685925,12952000000.0,1079000000.0,AT_TROUGH,3,-2.1476731431256906,0.3148159576812872,0.1631586940015186,0.48173308874419596,18.6%  31.5%↑  6.5%↓  14.6%↑  16.3%↑,UPGRADING,13,,,,no_data,,,,,0
87,CINF,35.7,D,8,Financial Services,Insurance - Property & Casualty,9.4,4,2,8,2,"13.6% ROIC [tier 2/3, src: NOPAT/IC]",0.13643491629654936,2,"14% ROE proxy [tier 2/3, financial sector]",0.25018,2,24% 3-yr CAGR [tier 2/3],0.2438798815724228,1,"0% reinvested [tier 1/3, src: direct]",0.0015834058980810722,0.24479455184333376,16.856398,,0.25018,0.636,5.568,155.11,,,,,,,2,,False,9,70.56,0.78,1.66,24.18B,7,NEUTRAL,NONE,NONE,0,0,0,0,0,0,,0,SAFE,0,57.22641509433962,0.06872852233676977,220000000.0,1431000000.0,RECOVERING,7,3.9521053201741068,0.2642289199014894,0.15348365789773374,0.41912619574361515,10.0%  -2.4%↓  17.2%↑  26.4%↑  15.3%↓,NEUTRAL,11,,,,no_data,,,,,0
88,AMAT,35.5,D,2,Technology,Semiconductor Equipment & Materials,14.1,2,3,6,2,"19.8% ROIC [tier 2/3, src: NOPAT/IC]",0.1983841797859409,1,"49% gross margin [tier 1/3, src: info.grossMargins]",0.48724,1,3% 3-yr CAGR [tier 1/3],0.032334704568867556,3,"21% reinvested [tier 3/3, src: direct]",0.20663500671113075,0.20195647825729382,24.545427,,0.48724,1.634,33.108,340.01,,,,,,,10,,True,6,82.43,-0.08,1.73,266.86B,7,NEUTRAL,NONE,NONE,0,0,0,0,0,0,,0,SAFE,0,31.486988847583643,0.6819764177428411,6073000000.0,7241000000.0,STEADY,0,-1.3410801336049956,0.23068403034167953,0.1883830598139879,0.18337190686774982,23.1%  22.7%↓  22.9%↑  17.7%↓  18.8%↑,UPGRADING,12,,,,no_data,,,,,0
89,BLK,35.5,D,10,Financial Services,Asset Management,9.1,6,1,6,2,"30.6% ROIC [tier 2/3, src: tangible NOPAT/IC (goodwill-adjusted)]",0.3062648889760306,3,"31% ROE proxy [tier 3/3, financial sector]",0.46705002,1,11% 3-yr CAGR [tier 1/3],0.1065430569599104,1,"2% reinvested [tier 1/3, src: direct]",0.015485629008562849,0.1466798779691073,15.343045,,0.46705002,1.487,24.367,949.97,,,,,,,1,,False,9,73.18,0.61,1.08,154.27B,7,NEUTRAL,NONE,NONE,0,0,0,0,0,0,,0,SAFE,0,12.881107491856678,1.8036524626452684,16296000000.0,11468000000.0,ACCELERATING,5,3.1443308605663502,0.34510465173275817,0.34510465173275817,0.0,23.6%  23.0%↓  22.0%↓  32.6%↑  34.5%↑,NEUTRAL,10,,,,no_data,,,,,0
90,PNC,35.5,D,5,Financial Services,Banks - Regional,9.1,4,3,12,2,"12.2% ROIC [tier 2/3, src: info.returnOnEquity (proxy)]",0.12158,2,"12% ROE proxy [tier 2/3, financial sector]",0.0,1,3% 3-yr CAGR [tier 1/3],0.030076812103055017,3,"60% reinvested [tier 3/3, src: direct]",0.6022000000000001,,9.825982,,0.0,0.974,,203.59,,,,,,,4,,True,6,83.89,-0.32,1.45,81.64B,7,NEUTRAL,NONE,NONE,0,0,0,0,0,0,,0,SAFE,0,,,74489000000.0,39713000000.0,UNKNOWN,0,,,,,,UPGRADING,15,,,,no_data,,,,,0
91,ZTS,35.5,D,8,Healthcare,Drug Manufacturers - Specialty & Generic,14.1,6,2,12,2,"13.1% ROIC [tier 2/3, src: NOPAT/IC]",0.13148998195363473,3,"72% gross margin [tier 3/3, src: info.grossMargins]",0.71892,1,5% 3-yr CAGR [tier 1/3],0.054225876815096274,2,"14% reinvested [tier 2/3, src: direct]",0.1393260828932722,0.24115348540207765,15.154225,,0.71892,0.954,279.586,114.32,,,,,,,1,,False,6,99.78,-1.24,3.73,47.85B,7,NEUTRAL,NONE,NONE,0,0,0,0,0,0,,0,WATCH,-1,16.2027027027027,3.9103819784524974,15970000000.0,2310000000.0,AT_TROUGH,3,-0.978154570286328,0.19970860757875902,0.12077923279811208,0.39522269839831314,15.7%  17.5%↑  20.0%↑  15.0%↓  12.1%↓,NEUTRAL,10,,,,no_data,,,,,0
92,BR,34.9,D,6,Technology,Information Technology Services,12.4,2,1,2,2,"27.3% ROIC [tier 2/3, src: tangible NOPAT/IC (goodwill-adjusted)]",0.27267009321369456,1,"31% gross margin [tier 1/3, src: info.grossMargins]",0.31219998,1,6% 3-yr CAGR [tier 1/3],0.0646289696150486,1,"2% reinvested [tier 1/3, src: direct]",0.016002117402403006,0.14712477653523529,15.399687,,0.31219998,0.977,117.175,159.58,,,,,,,0,,False,9,93.28,0.51,3.71,18.60B,7,NEUTRAL,NONE,NONE,0,0,0,0,0,0,,0,WATCH,-1,8.75257731958763,3.3735734547133718,5114000000.0,561500000.0,RECOVERING,6,0.4210035421517285,0.45761593634753317,0.1881050168962828,0.5889456595466384,13.7%  23.5%↑  45.8%↑  17.4%↓  18.8%↑,NEUTRAL,11,,,,no_data,,,,,0
93,NOW,34.8,D,0,Technology,Software - Application,22.2,3,6,18,1,"8.6% ROIC [tier 1/3, src: NOPAT/IC]",0.08604801146542458,3,"78% gross margin [tier 3/3, src: info.grossMargins]",0.77533996,2,22% 3-yr CAGR [tier 2/3],0.22376517864742618,3,"29% reinvested [tier 3/3, src: direct]",0.2915348668988957,0.3413917725788412,19.778276,,0.77533996,1.019,18.536,99.12,,,,,,,0,,False,6,87.28,-0.77,2.69,103.98B,7,NEUTRAL,NONE,NONE,0,0,0,0,0,0,,0,SAFE,0,79.30434782608695,0.02185792349726776,56000000.0,3726000000.0,STEADY,0,0.06582406249629622,0.11980645588917611,0.08359488833154186,0.3022505531015026,8.9%  10.2%↑  7.7%↓  12.0%↑  8.4%↓,NEUTRAL,10,,,,no_data,,,,,0
94,CB,34.7,D,2,Financial Services,Insurance - Property & Casualty,8.1,2,3,6,2,"10.4% ROIC [tier 2/3, src: NOPAT/IC]",0.10367844277798371,1,"10% ROE proxy [tier 1/3, financial sector]",0.29548,1,12% 3-yr CAGR [tier 1/3],0.11810603633478589,3,"85% reinvested [tier 3/3, src: direct]",0.8512,0.2035534559763301,11.053562,,0.29548,0.489,30.944,322.11,,,,,,,6,,True,9,91.95,0.4,1.02,126.20B,7,NEUTRAL,NONE,NONE,0,0,0,0,0,0,,0,SAFE,0,18.073298429319372,2.068466935998299,29184000000.0,2272000000.0,STEADY,0,0.7703281306220071,0.12781160157344654,0.11938638761369792,0.06591900778981391,11.3%  6.2%↓  12.8%↑  12.5%↓  11.9%↓,UPGRADING,14,,,,no_data,,,,,0
95,MSCI,34.7,D,5,Financial Services,Financial Data & Stock Exchanges,22.1,6,2,12,2,"22.2% ROIC [tier 2/3, src: tangible NOPAT/IC (goodwill-adjusted)]",0.2218595788575227,3,"22% ROE proxy [tier 3/3, financial sector]",0.82441,1,12% 3-yr CAGR [tier 1/3],0.11707823751600754,2,"10% reinvested [tier 2/3, src: direct]",0.09808933910787179,0.46533869348447154,23.989988,,0.82441,1.301,,528.87,,,,,,,2,,False,6,93.26,-2.82,1.54,38.46B,7,NEUTRAL,NONE,NONE,0,0,0,0,0,0,,0,SAFE,0,8.164158197904607,6.210966406626445,12000438000.0,511665000.0,STEADY,0,-1.1214663420448385,0.30125586626847145,0.2401039187844413,0.2029900637006455,29.2%  26.8%↓  30.1%↑  26.0%↓  24.0%↓,STRONG DOWNGRADE,3,,,,no_data,,,,,0
96,RSG,34.7,D,7,Industrials,Waste Management,7.1,6,2,12,2,"12.7% ROIC [tier 2/3, src: tangible NOPAT/IC (goodwill-adjusted)]",0.12650662810315738,3,"43% gross margin [tier 3/3, src: info.grossMargins]",0.43005002,1,7% 3-yr CAGR [tier 1/3],0.07084929833650078,2,"11% reinvested [tier 2/3, src: direct]",0.1137363661595981,0.1451992083086761,27.12375,,0.43005002,0.521,115.348,218.04,,,,,,,2,,False,9,60.92,0.32,1.57,66.65B,7,NEUTRAL,NONE,NONE,0,0,0,0,0,0,,0,WATCH,-3,5.7874564459930316,4.965904761904762,26071000000.0,76000000.0,STEADY,0,-0.16767562672491465,0.13681884057971014,0.12292697035430224,0.10153477522939942,13.7%  12.5%↓  13.7%↑  13.6%↓  12.3%↓,UPGRADING,13,,,,no_data,,,,,0
97,TJX,34.7,D,3,Consumer Cyclical,Apparel Retail,12.1,6,1,6,3,"59.1% ROIC [tier 3/3, src: info.returnOnEquity (proxy)]",0.59129,2,"31% gross margin [tier 2/3, src: info.grossMargins]",0.30963,1,5% 3-yr CAGR [tier 1/3],0.050978705767638965,1,"3% reinvested [tier 1/3, src: direct]",0.03176969415624586,0.06953554539516169,27.579672,,0.30963,0.736,132.375,156.64,,,,,,,6,,True,9,92.67,0.5,1.13,172.26B,7,NEUTRAL,NONE,NONE,0,0,0,0,0,0,,0,SAFE,0,,,8673000000.0,5335000000.0,STEADY,0,0.19206216610206744,0.26397648123021256,0.25732499460858316,0.02519726981218706,26.4%  18.6%↓  22.5%↑  25.7%↑,NEUTRAL,9,,,,no_data,,,,,0
98,TRV,34.7,D,3,Financial Services,Insurance - Property & Casualty,14.1,4,3,12,2,"12.8% ROIC [tier 2/3, src: NOPAT/IC]",0.12777583221846225,2,"13% ROE proxy [tier 2/3, financial sector]",0.2937,1,10% 3-yr CAGR [tier 1/3],0.09790109129310776,3,"84% reinvested [tier 3/3, src: direct]",0.8414,0.24781889334176,10.211891,,0.2937,0.502,28.917,288.67,,,,,,,4,,True,6,88.17,-1.68,1.86,61.69B,7,NEUTRAL,NONE,NONE,0,0,0,0,0,0,,0,SAFE,0,19.343529411764706,1.935063476013931,17224000000.0,710000000.0,STEADY,0,1.2711590249114604,0.20012670181789566,0.20012670181789566,0.0,19.5%  4.1%↓  13.9%↑  15.7%↑  20.0%↑,NEUTRAL,11,,,,no_data,,,,,0
99,TRMB,34.7,D,10,Technology,Scientific & Technical Instruments,10.1,6,2,12,2,"19.7% ROIC [tier 2/3, src: tangible NOPAT/IC (goodwill-adjusted)]",0.19656748616085964,3,"71% gross margin [tier 3/3, src: info.grossMargins]",0.71081,1,-1% 3-yr CAGR [tier 1/3],-0.008135718177214146,2,"18% reinvested [tier 2/3, src: direct]",0.18286733265819308,0.10060490907978946,15.653865,,0.71081,1.574,26.749,63.28,,,,,,,1,,False,6,99.08,-2.01,2.03,14.73B,7,NEUTRAL,NONE,NONE,0,0,0,0,0,0,,0,WATCH,-1,8.216397849462366,3.120069033530572,2531000000.0,253400000.0,ACCELERATING,5,1.7785870680812907,0.27370888961250406,0.27370888961250406,0.0,21.8%  15.3%↓  18.0%↑  22.0%↑  27.4%↑,NEUTRAL,11,,,,no_data,,,,,0
100,VRSK,34.7,D,8,Industrials,Consulting Services,10.1,9,1,9,3,"15.4% ROIC [tier 3/3, src: NOPAT/IC]",0.15413934783239933,3,"70% gross margin [tier 3/3, src: info.grossMargins]",0.69879997,1,7% 3-yr CAGR [tier 1/3],0.07160288137517012,1,"8% reinvested [tier 1/3, src: direct]",0.07944153598671769,0.38789990472170754,21.536585,,0.69879997,0.797,1581.795,184.42,,,,,,,0,,False,9,94.65,0.0,3.53,25.21B,7,NEUTRAL,NONE,NONE,0,0,0,0,0,0,,0,WATCH,-1,7.863662960795787,2.6341434215252004,4400600000.0,2178200000.0,AT_TROUGH,3,-2.550422499709733,0.3116936414382387,0.14387409622811348,0.5384118342477584,31.2%  15.5%↓  16.2%↑  23.6%↑  14.4%↓,NEUTRAL,11,,,,no_data,,,,,0
101,WAT,34.7,D,8,Healthcare,Diagnostics & Research,19.1,6,2,12,3,"24.3% ROIC [tier 3/3, src: tangible NOPAT/IC (goodwill-adjusted)]",0.2428897560968135,2,"59% gross margin [tier 2/3, src: info.grossMargins]",0.59283,1,2% 3-yr CAGR [tier 1/3],0.021229912681812513,2,"10% reinvested [tier 2/3, src: direct]",0.09744964938851046,0.17054067755664287,17.724178,,0.59283,1.203,60.282,290.42,,,,,,,1,,False,4,59.82,-0.3,2.63,28.37B,7,NEUTRAL,NONE,NONE,0,0,0,0,0,0,,0,SAFE,0,11.540058664519469,1.3477134289891706,1359607000.0,587831000.0,ACCELERATING,5,1.7906099140336775,0.32746846581451805,0.32746846581451805,0.0,28.3%  16.7%↓  22.1%↑  25.7%↑  32.7%↑,DOWNGRADING,6,,,,no_data,,,,,0
102,CTVA,34.2,D,5,Basic Materials,Agricultural Inputs,6.4,4,2,8,2,"23.6% ROIC [tier 2/3, src: tangible NOPAT/IC (goodwill-adjusted)]",0.2364582857142857,2,"47% gross margin [tier 2/3, src: info.grossMargins]",0.4729,1,-0% 3-yr CAGR [tier 1/3],-0.0010322883978914899,2,"12% reinvested [tier 2/3, src: direct]",0.1186713411640116,0.16177231253108604,20.32475,,0.4729,0.721,12.282,82.34,,,,,,,8,,True,6,86.58,-0.1,1.86,55.30B,7,NEUTRAL,NONE,NONE,0,0,0,0,0,0,,0,SAFE,0,14.55,-0.30062794348508637,-1149000000.0,4521000000.0,STEADY,0,-3.9707943571106754,0.5685641327833432,0.08739657142857143,0.846285464753587,12.3%  29.6%↑  56.9%↑  -3.0%↓  8.7%↑,UPGRADING,15,,,,no_data,,,,,0
103,AMZN,33.9,D,5,Consumer Cyclical,Internet Retail,12.1,6,2,12,2,"10.0% ROIC [tier 2/3, src: NOPAT/IC]",0.10033388915356518,3,"50% gross margin [tier 3/3, src: info.grossMargins]",0.50286,1,12% 3-yr CAGR [tier 1/3],0.11731283601806397,2,"18% reinvested [tier 2/3, src: direct]",0.18386746863351158,0.010733355367093298,21.423082,,0.50286,1.42,43.435,201.34,,,,,,,1,,False,9,66.03,0.82,0.87,2155.14B,7,NEUTRAL,NONE,NONE,0,0,0,0,0,61,,0,SAFE,0,35.16930518909411,0.9045776121758583,131825000000.0,86810000000.0,STEADY,0,-0.5377842046659621,0.1427102853503673,0.12534114657773543,0.12170908866161255,14.3%  11.8%↓  11.7%↓  9.9%↓  12.5%↑,NEUTRAL,10,,,,no_data,,,,,61
104,HLT,33.9,D,8,Consumer Cyclical,Lodging,9.1,9,1,9,3,"25.8% ROIC [tier 3/3, src: tangible NOPAT/IC (goodwill-adjusted)]",0.2582821415563919,3,"78% gross margin [tier 3/3, src: info.grossMargins]",0.77917,1,11% 3-yr CAGR [tier 1/3],0.11125593900582187,1,"4% reinvested [tier 1/3, src: direct]",0.03734356172385464,0.39241018373607256,28.315042,,0.77917,1.123,,295.21,,,,,,,6,,True,6,99.7,-1.6,2.55,67.39B,7,NEUTRAL,NONE,NONE,0,0,0,0,0,0,,0,STRESS,-8,4.343548387096774,8.532404181184669,24488000000.0,918000000.0,AT_TROUGH,3,0.6547686036586836,0.38341859014348095,0.23094816073813282,0.3976605029721992,22.8%  27.8%↑  38.3%↑  33.7%↓  23.1%↓,NEUTRAL,9,,,,no_data,,,,,0
105,MRSH,33.9,D,8,Financial Services,Insurance Brokers,11.1,6,1,6,2,"20.3% ROIC [tier 2/3, src: tangible NOPAT/IC (goodwill-adjusted)]",0.2032651120482924,3,"20% ROE proxy [tier 3/3, financial sector]",0.43631,1,9% 3-yr CAGR [tier 1/3],0.09200031494213934,1,"1% reinvested [tier 1/3, src: direct]",0.010785367813402988,0.1853526612880699,15.137112,,0.43631,0.731,140.052,171.06,,,,,,,1,,False,6,91.16,-0.47,1.13,81.90B,7,NEUTRAL,NONE,NONE,0,0,0,0,0,0,,0,SAFE,0,6.482291666666667,4.974344595541848,35482000000.0,2687000000.0,AT_TROUGH,3,-0.6555971856041426,0.2526437514953346,0.15926734474489374,0.3695971350875273,14.1%  25.3%↑  21.8%↓  15.0%↓  15.9%↑,NEUTRAL,11,,,,no_data,,,,,0
106,MS,33.6,D,7,Financial Services,Capital Markets,3.7,4,1,4,2,"15.6% ROIC [tier 2/3, src: info.returnOnEquity (proxy)]",0.15614,2,"16% ROE proxy [tier 2/3, financial sector]",0.87059,1,10% 3-yr CAGR [tier 1/3],0.09524171431647233,1,"4% reinvested [tier 1/3, src: direct]",0.041225672790233835,-0.2957067150761183,12.824546,,0.87059,1.207,455.747,159.29,,,,,,,4,,True,6,62.03,-0.08,1.48,251.50B,7,NEUTRAL,NONE,NONE,0,0,0,0,0,0,,0,SAFE,0,,,617474000000.0,81310000000.0,UNKNOWN,0,,,,,,STRONG UPGRADE,16,,,,no_data,,,,,0
107,ADI,33.4,D,8,Technology,Semiconductors,8.4,4,2,8,2,"15.7% ROIC [tier 2/3, src: tangible NOPAT/IC (goodwill-adjusted)]",0.1565968807330243,2,"63% gross margin [tier 2/3, src: info.grossMargins]",0.62842,1,-3% 3-yr CAGR [tier 1/3],-0.028383891841526898,2,"20% reinvested [tier 2/3, src: direct]",0.19559351193785937,0.3639299376239304,24.006796,,0.62842,1.021,25.753,310.6,,,,,,,8,,True,6,89.89,-0.8,1.93,150.51B,7,NEUTRAL,NONE,NONE,0,0,0,0,0,0,,0,WATCH,-1,9.450188218408893,2.757416690510367,13790726000.0,2499406000.0,ACCELERATING,5,2.2060151482966504,0.24115386662968544,0.24115386662968544,0.0,14.4%  17.1%↑  17.3%↑  19.7%↑  24.1%↑,NEUTRAL,9,,,,no_data,,,,,0
108,GDDY,33.4,D,8,Technology,Software - Infrastructure,11.4,4,2,8,2,"28.2% ROIC [tier 2/3, src: tangible NOPAT/IC (goodwill-adjusted)]",0.28210922550895573,2,"64% gross margin [tier 2/3, src: info.grossMargins]",0.63614,1,7% 3-yr CAGR [tier 1/3],0.06564722266304868,2,"17% reinvested [tier 2/3, src: direct]",0.1747894441194455,0.31821212064962606,6.5887866,,0.63614,0.979,1795.723,79.43,,,,,,,0,,False,6,103.06,-0.23,4.2,10.53B,7,NEUTRAL,NONE,NONE,0,0,0,0,0,0,,0,STRESS,-8,7.539072847682119,5.188446215139442,6511500000.0,1080900000.0,ACCELERATING,5,2.55845189968348,0.31739765990150254,0.31739765990150254,0.0,22.3%  24.4%↑  25.1%↑  31.2%↑  31.7%↑,NEUTRAL,11,,,,no_data,,,,,0
109,BX,33.2,D,5,Financial Services,Asset Management,12.1,6,2,12,2,"29.2% ROIC [tier 2/3, src: info.returnOnEquity (proxy)]",0.29228002,3,"29% ROE proxy [tier 3/3, financial sector]",1.0,2,20% 3-yr CAGR [tier 2/3],0.20274657241463667,1,"1% reinvested [tier 1/3, src: direct]",0.00814074665801759,0.3199545691639401,14.087529,,1.0,1.794,66.531,110.16,,,,,,,0,,False,4,42.24,-0.5,2.02,133.59B,7,NEUTRAL,NONE,NONE,0,0,0,0,0,0,,0,SAFE,0,,,10674924000.0,2631241000.0,UNKNOWN,0,,,,,,UPGRADING,15,,,,no_data,,,,,0
110,MAR,33.2,D,8,Consumer Cyclical,Lodging,10.2,9,2,18,3,"41.6% ROIC [tier 3/3, src: tangible NOPAT/IC (goodwill-adjusted)]",0.41627116486314447,3,"79% gross margin [tier 3/3, src: info.grossMargins]",0.79074997,1,8% 3-yr CAGR [tier 1/3],0.0802476100443279,2,"9% reinvested [tier 2/3, src: direct]",0.08650816226395806,0.37353193242450766,24.539797,,0.79074997,1.101,,317.17,,,,,,,6,,True,6,62.62,-0.99,3.17,84.14B,7,NEUTRAL,NONE,NONE,0,0,0,0,0,0,,0,STRESS,-8,5.116192830655129,6.439636977627691,30511000000.0,358000000.0,AT_TROUGH,3,-1.4595151821259167,0.4763189210630702,0.3242469764481222,0.3192649670005695,43.4%  40.4%↓  47.3%↑  47.6%↑  32.4%↓,DOWNGRADING,7,,,,no_data,,,,,0
111,PH,33.2,D,5,Industrials,Specialty Industrial Machinery,5.1,6,1,6,3,"30.3% ROIC [tier 3/3, src: tangible NOPAT/IC (goodwill-adjusted)]",0.3025278249386908,2,"37% gross margin [tier 2/3, src: info.grossMargins]",0.37427,1,8% 3-yr CAGR [tier 1/3],0.07763353923653371,1,"2% reinvested [tier 1/3, src: direct]",0.02125995723732907,0.16328624627566993,26.175941,,0.37427,1.218,68.925,891.61,,,,,,,6,,True,9,89.67,0.6,1.04,112.14B,7,NEUTRAL,NONE,NONE,0,0,0,0,0,0,,0,WATCH,-1,9.926650366748166,2.923495067445138,14521000000.0,467000000.0,STEADY,0,-0.14581246094336087,0.3429348083615237,0.32861596958174905,0.04175382151548652,34.3%  31.8%↓  33.3%↑  33.2%↓  32.9%↓,UPGRADING,12,,,,no_data,,,,,0
112,V,33.2,D,5,Financial Services,Credit Services,21.1,6,1,6,2,"70.9% ROIC [tier 2/3, src: tangible NOPAT/IC (goodwill-adjusted)]",0.7090455590104097,3,"71% ROE proxy [tier 3/3, financial sector]",0.97777003,1,11% 3-yr CAGR [tier 1/3],0.10921242130254294,1,"4% reinvested [tier 1/3, src: direct]",0.03580488373588911,0.5212968801412141,20.368744,,0.97777003,0.791,54.612,295.73,,,,,,,1,,False,6,79.8,-0.37,1.59,563.26B,7,NEUTRAL,NONE,NONE,0,0,0,0,0,0,,0,SAFE,0,45.08658743633277,0.7934907834101382,22040000000.0,17164000000.0,STEADY,0,-0.06711650262908098,0.7940411574055996,0.7737863439021181,0.025508518437080484,75.7%  79.4%↑  70.8%↓  75.3%↑  77.4%↑,STRONG DOWNGRADE,3,,,,no_data,,,,,0
113,HBAN,32.6,D,0,Financial Services,Banks - Regional,10.4,2,1,2,2,"10.1% ROIC [tier 2/3, src: info.returnOnEquity (proxy)]",0.10095,1,"10% ROE proxy [tier 1/3, financial sector]",0.0,1,4% 3-yr CAGR [tier 1/3],0.038776548989612136,1,"3% reinvested [tier 1/3, src: direct]",0.03471138730029704,0.28796150887699606,7.960298,,0.0,0.967,,15.22,,,,,,,2,,False,15,70.96,6.87,3.82,30.66B,7,NEUTRAL,NONE,NONE,0,0,0,0,0,0,,0,SAFE,0,,,20364000000.0,14078000000.0,UNKNOWN,0,,,,,,NEUTRAL,8,,,,no_data,,,,,0
114,AON,32.4,D,5,Financial Services,Insurance Brokers,9.1,6,1,6,2,"20.9% ROIC [tier 2/3, src: tangible NOPAT/IC (goodwill-adjusted)]",0.20912417786272416,3,"21% ROE proxy [tier 3/3, financial sector]",0.47197,1,11% 3-yr CAGR [tier 1/3],0.11247318365137482,1,"2% reinvested [tier 1/3, src: direct]",0.01530760752566407,0.18729992782352464,14.644788,,0.47197,0.828,168.318,314.82,,,,,,,2,,False,9,89.22,0.42,1.03,67.77B,7,NEUTRAL,NONE,NONE,0,0,0,0,0,0,,0,SAFE,0,5.777914110429448,5.068898678414097,28766000000.0,1195000000.0,STEADY,0,-0.7173633459643114,0.28048816317306063,0.2375018269717241,0.15325543764502483,21.1%  28.0%↑  18.0%↓  15.6%↓  23.8%↑,NEUTRAL,10,,,,no_data,,,,,0
115,PGR,32.4,D,3,Financial Services,Insurance - Property & Casualty,19.1,6,2,12,2,"26.0% ROIC [tier 2/3, src: NOPAT/IC]",0.2596683818029331,3,"26% ROE proxy [tier 3/3, financial sector]",0.18546,2,21% 3-yr CAGR [tier 2/3],0.2090378284670047,1,"0% reinvested [tier 1/3, src: direct]",0.003970925513625321,0.1962641345814814,12.446736,,0.18546,0.29,23.421,200.1,,,,,,,2,,False,9,88.0,0.38,1.13,116.50B,7,NEUTRAL,NONE,NONE,0,0,0,0,0,0,,0,SAFE,0,52.16187050359712,0.9227082489536924,13669000000.0,125000000.0,STEADY,0,0.23126444824684567,0.2759227486312885,0.26867556724165287,0.026265255132406462,24.4%  24.4%↑  27.6%↑  21.8%↓  26.9%↑,STRONG DOWNGRADE,2,,,,no_data,,,,,0
116,CVNA,32.1,D,0,Consumer Cyclical,Auto & Truck Dealerships,14.7,2,2,4,2,"11.0% ROIC [tier 2/3, src: NOPAT/IC]",0.11001628785074406,1,"21% gross margin [tier 1/3, src: info.grossMargins]",0.20628001,2,14% 3-yr CAGR [tier 2/3],0.1431413679257303,1,"1% reinvested [tier 1/3, src: direct]",0.00723353968697709,0.043745692392670975,28.329453,,0.20628001,3.673,133.119,303.01,,,,,,,1,,False,12,98.57,4.6,9.75,65.99B,7,NEUTRAL,NONE,NONE,0,0,0,0,0,0,,0,WATCH,-3,3.724752475247525,3.589517625231911,7739000000.0,2327000000.0,STEADY,0,1.053003571872587,0.14180310543858224,0.0991959724587251,0.3004668540091397,6.7%  10.0%↑  12.6%↑  14.2%↑  9.9%↓,DOWNGRADING,7,,,,no_data,,,,,0
117,TROW,32.1,D,3,Financial Services,Asset Management,8.7,4,1,4,2,"17.3% ROIC [tier 2/3, src: NOPAT/IC]",0.17308694383274523,2,"17% ROE proxy [tier 2/3, financial sector]",0.5127,1,4% 3-yr CAGR [tier 1/3],0.04077043516925727,1,"4% reinvested [tier 1/3, src: direct]",0.037485644884595264,0.2022201528566496,8.794151,,0.5127,1.553,3.891,89.83,,,,,,,2,,False,12,85.38,4.34,11.46,19.29B,7,NEUTRAL,NONE,NONE,0,0,0,0,0,0,,0,SAFE,0,,-0.9507282104511986,-2931000000.0,3378200000.0,STEADY,0,0.1748315325864061,0.19585965784056222,0.18008755405799792,0.0805275775341313,17.8%  18.2%↑  14.6%↓  19.6%↑  18.0%↓,NEUTRAL,9,,,,no_data,,,,,0
118,HCA,31.8,D,4,Healthcare,Medical Care Facilities,3.4,2,1,2,2,"12.0% ROIC [tier 2/3, src: NOPAT/IC]",0.11960155380099201,1,"42% gross margin [tier 1/3, src: info.grossMargins]",0.415,1,8% 3-yr CAGR [tier 1/3],0.07868780037013456,1,"7% reinvested [tier 1/3, src: direct]",0.06539682273943069,0.10174602761158999,14.125393,,0.415,1.342,,471.39,,,,,,,6,,True,6,62.19,-2.34,2.21,105.13B,7,NEUTRAL,NONE,NONE,0,0,0,0,0,0,,0,STRESS,-8,5.322508896797153,5.424780475206612,84019000000.0,1040000000.0,STEADY,0,0.33242268859536783,0.1278139281085874,0.12706852920336068,0.00583190671202487,11.8%  11.2%↓  12.3%↑  12.8%↑  12.7%↓,STRONG UPGRADE,16,,,,no_data,,,,,0
119,MTB,31.8,D,2,Financial Services,Banks - Regional,9.4,2,1,2,2,"9.8% ROIC [tier 2/3, src: info.returnOnEquity (proxy)]",0.09797,1,"10% ROE proxy [tier 1/3, financial sector]",0.0,1,6% 3-yr CAGR [tier 1/3],0.06326236932550966,1,"2% reinvested [tier 1/3, src: direct]",0.015568861516075127,0.31137723032150255,9.621035,,0.0,0.588,,203.16,,,,,,,4,,True,6,92.3,-0.48,4.72,29.94B,7,NEUTRAL,NONE,NONE,0,0,0,0,0,0,,0,SAFE,0,,,3053000000.0,18769000000.0,UNKNOWN,0,,,,,,UPGRADING,13,,,,no_data,,,,,0
120,RTX,31.8,D,2,Industrials,Aerospace & Defense,6.4,2,1,2,2,"14.6% ROIC [tier 2/3, src: tangible NOPAT/IC (goodwill-adjusted)]",0.146252612720215,1,"20% gross margin [tier 1/3, src: info.grossMargins]",0.20076999,1,10% 3-yr CAGR [tier 1/3],0.09723101071987417,1,"7% reinvested [tier 1/3, src: direct]",0.06688261057022525,0.08406035834070835,25.439667,,0.20076999,0.406,59.513,191.29,,,,,,,6,,True,6,80.23,-0.49,0.98,254.65B,7,NEUTRAL,NONE,NONE,0,0,0,0,0,0,,0,WATCH,-3,5.068119891008174,4.5871472437490866,62743000000.0,7435000000.0,STEADY,0,0.942825699552177,0.16329969145018414,0.16329969145018414,0.0,12.6%  12.0%↓  12.5%↑  14.0%↑  16.3%↑,UPGRADING,15,,,,no_data,,,,,0
121,STT,31.8,D,0,Financial Services,Asset Management,13.4,2,1,2,2,"11.1% ROIC [tier 2/3, src: info.returnOnEquity (proxy)]",0.11078,1,"11% ROE proxy [tier 1/3, financial sector]",0.0,1,5% 3-yr CAGR [tier 1/3],0.04822150244182688,1,"8% reinvested [tier 1/3, src: direct]",0.07598127650803085,0.7809146741010223,9.480794,,0.0,1.416,,123.92,,,,,,,6,,True,6,94.7,-0.65,1.55,34.15B,7,NEUTRAL,NONE,NONE,0,0,0,0,0,0,,0,SAFE,0,,,-81199000000.0,131363000000.0,UNKNOWN,0,,,,,,NEUTRAL,10,,,,no_data,,,,,0
122,ALLE,31.6,D,5,Industrials,Security & Protection Services,11.1,9,1,9,3,"20.6% ROIC [tier 3/3, src: tangible NOPAT/IC (goodwill-adjusted)]",0.20644724840377016,3,"45% gross margin [tier 3/3, src: info.grossMargins]",0.45196998,1,8% 3-yr CAGR [tier 1/3],0.07523170466176188,1,"2% reinvested [tier 1/3, src: direct]",0.024119193982385705,0.16858849453335248,15.36469,,0.45196998,1.008,104.0,145.57,,,,,,,1,,False,6,98.6,-0.64,4.01,12.50B,12,BUY,NONE,NONE,2000.0,1400.0,600.0,1,1,32,,0,WATCH,-1,8.509900990099009,3.630099728014506,3603600000.0,356200000.0,STEADY,0,1.0270450711798662,0.22199092575343288,0.2013791425965339,0.09284966530475514,17.2%  17.9%↑  18.8%↑  22.2%↑  20.1%↓,DOWNGRADING,6,,,,no_data,,,,,0
123,PM,31.6,D,8,Consumer Defensive,Tobacco,9.1,9,1,9,3,"22.6% ROIC [tier 3/3, src: tangible NOPAT/IC (goodwill-adjusted)]",0.22631834401258488,3,"67% gross margin [tier 3/3, src: info.grossMargins]",0.67117995,1,9% 3-yr CAGR [tier 1/3],0.08570152245500418,1,"4% reinvested [tier 1/3, src: direct]",0.038599685587557546,0.2623499344204676,17.94601,,0.67117995,0.395,,164.54,,,,,,,4,,True,9,82.99,0.41,1.05,254.58B,7,NEUTRAL,NONE,NONE,0,0,0,0,0,0,,0,STRESS,-8,9.40957781978576,5.044361746116132,85396000000.0,4872000000.0,AT_TROUGH,3,-0.4071065537478602,0.30282297403619196,0.20447914668303727,0.3247568242342178,23.1%  29.1%↑  26.8%↓  30.3%↑  20.4%↓,DOWNGRADING,4,,,,no_data,,,,,0
124,TYL,31.6,D,0,Technology,Software - Application,14.1,3,2,6,3,"75.6% ROIC [tier 3/3, src: tangible NOPAT/IC (goodwill-adjusted)]",0.7563001989220949,1,"46% gross margin [tier 1/3, src: info.grossMargins]",0.46464002,1,8% 3-yr CAGR [tier 1/3],0.08024951917670409,2,"10% reinvested [tier 2/3, src: direct]",0.10177804404885112,0.26614902137628677,23.643246,,0.46464002,0.934,17.355,334.64,,,,,,,0,,False,12,99.75,2.26,4.25,14.36B,7,NEUTRAL,NONE,NONE,0,0,0,0,0,0,,0,SAFE,0,71.6068068068068,-1.9425821893420896,-982053000.0,1015400000.0,STEADY,0,9.387569647849887,0.8508046164720593,0.6341337681497675,0.2546658117826601,19.3%  79.5%↑  82.3%↑  85.1%↑  63.4%↓,NEUTRAL,8,,,,no_data,,,,,0
125,VRSN,31.6,D,2,Technology,Software - Infrastructure,17.1,9,1,9,3,"62.1% ROIC [tier 3/3, src: NOPAT/IC]",0.6209437666526434,3,"88% gross margin [tier 3/3, src: info.grossMargins]",0.8815,1,5% 3-yr CAGR [tier 1/3],0.05150438997980311,1,"8% reinvested [tier 1/3, src: direct]",0.07630085422959394,0.6448750203597723,24.396759,,0.8815,0.765,,248.23,,,,,,,2,,False,12,98.22,2.27,1.98,22.69B,7,NEUTRAL,NONE,NONE,0,0,0,0,0,0,,0,WATCH,-1,14.558441558441558,2.8402187120291615,3272500000.0,307900000.0,DECLINING,-3,-3.0275350830589476,0.8084647463873533,0.6310251016687701,0.21947728149121787,80.8%  53.7%↓  56.1%↑  58.9%↑  63.1%↑,STRONG DOWNGRADE,1,,,,no_data,,,,,0
126,DELL,31.5,D,0,Technology,Computer Hardware,9.0,3,1,3,3,"32.6% ROIC [tier 3/3, src: tangible NOPAT/IC (goodwill-adjusted)]",0.3258614963860129,1,"20% gross margin [tier 1/3, src: info.grossMargins]",0.20125,1,4% 3-yr CAGR [tier 1/3],0.035349838884853435,1,"5% reinvested [tier 1/3, src: direct]",0.050864028418638345,0.07532280017942773,11.924086,,0.20125,1.036,,173.07,,,,,,,10,,True,13,40.55,6.73,8.43,110.53B,7,NEUTRAL,NONE,NONE,0,0,0,0,0,0,,0,WATCH,-1,5.414102564102564,3.093507625272331,35498000000.0,11528000000.0,STEADY,0,0.07434529789797917,0.5549725943970767,0.48535846845086933,0.12543705157519766,55.5%  17.8%↓  34.5%↑  32.5%↓  48.5%↑,DOWNGRADING,7,,,,no_data,,,,,0
127,BK,31.3,D,3,Financial Services,Banks - Diversified,10.7,4,1,4,2,"12.9% ROIC [tier 2/3, src: info.returnOnEquity (proxy)]",0.12898,2,"13% ROE proxy [tier 2/3, financial sector]",0.0,1,7% 3-yr CAGR [tier 1/3],0.06874757353828742,1,"8% reinvested [tier 1/3, src: direct]",0.0776344740989015,0.25879824366388476,12.349519,,0.0,1.076,,115.78,,,,,,,6,,True,6,87.21,-1.39,1.31,79.17B,7,NEUTRAL,NONE,NONE,0,0,0,0,0,0,,0,SAFE,0,,,-64079000000.0,128669000000.0,UNKNOWN,0,,,,,,NEUTRAL,9,,,,no_data,,,,,0
128,SCHW,31.3,D,3,Financial Services,Capital Markets,16.7,4,1,4,2,"18.1% ROIC [tier 2/3, src: info.returnOnEquity (proxy)]",0.18101999,2,"18% ROE proxy [tier 2/3, financial sector]",0.97407997,1,5% 3-yr CAGR [tier 1/3],0.048342956030810846,1,"2% reinvested [tier 1/3, src: direct]",0.022908740844316045,0.36633083215098816,13.651366,,0.97407997,0.919,115.32,92.79,,,,,,,2,,False,6,83.94,-1.34,0.78,162.14B,7,NEUTRAL,NONE,NONE,0,0,0,0,0,0,,0,SAFE,0,,,-1691000000.0,46030000000.0,UNKNOWN,0,,,,,,DOWNGRADING,6,,,,no_data,,,,,0
129,FOXA,31.3,D,4,Communication Services,Entertainment,7.7,1,1,1,1,"9.8% ROIC [tier 1/3, src: NOPAT/IC]",0.09815722641219024,1,"35% gross margin [tier 1/3, src: info.grossMargins]",0.35439,1,5% 3-yr CAGR [tier 1/3],0.052662023078771325,1,"2% reinvested [tier 1/3, src: direct]",0.0199662204461139,0.1805404767227157,11.397583,,0.35439,0.537,67.389,58.8,,,,,,,2,,False,4,56.85,-1.07,15.44,23.61B,7,NEUTRAL,NONE,NONE,0,0,0,0,0,0,,0,WATCH,-1,8.012406947890819,2.400387382401771,8675000000.0,5351000000.0,STEADY,0,0.0418201744082454,0.11653268248036,0.07487372423454072,0.35748733624869855,8.4%  9.4%↑  10.2%↑  11.7%↑  7.5%↓,STRONG UPGRADE,16,,,,no_data,,,,,0
131,ICE,31.3,D,3,Financial Services,Financial Data & Stock Exchanges,10.7,4,1,4,2,"19.0% ROIC [tier 2/3, src: tangible NOPAT/IC (goodwill-adjusted)]",0.1901492609177139,2,"19% ROE proxy [tier 2/3, financial sector]",1.0,1,9% 3-yr CAGR [tier 1/3],0.0946705327442019,1,"8% reinvested [tier 1/3, src: direct]",0.07964958365650186,0.38978955541633215,18.023165,,1.0,1.051,70.077,154.57,,,,,,,2,,False,9,93.96,0.06,1.23,86.70B,7,NEUTRAL,NONE,NONE,0,0,0,0,0,0,,0,SAFE,0,6.225404732254047,5.643543223052294,37016000000.0,837000000.0,STEADY,0,-0.8636097600700092,0.24249632533072024,0.19110019740960085,0.2119460072272211,21.9%  24.2%↑  24.1%↓  21.2%↓  19.1%↓,NEUTRAL,9,,,,no_data,,,,,0
132,CFG,31.1,D,0,Financial Services,Banks - Regional,9.4,2,1,2,2,"7.2% ROIC [tier 2/3, src: info.returnOnEquity (proxy)]",0.07241,1,"7% ROE proxy [tier 1/3, financial sector]",0.0,1,1% 3-yr CAGR [tier 1/3],0.009305158100850308,1,"2% reinvested [tier 1/3, src: direct]",0.022777850313158474,0.26665793728680354,9.228416,,0.0,1.085,,58.09,,,,,,,6,,True,12,98.67,1.13,3.37,24.59B,7,NEUTRAL,NONE,NONE,0,0,0,0,0,0,,0,SAFE,0,,,4780000000.0,13688000000.0,UNKNOWN,0,,,,,,DOWNGRADING,7,,,,no_data,,,,,0
133,GE,31.1,D,1,Industrials,Aerospace & Defense,10.4,4,2,8,2,"12.2% ROIC [tier 2/3, src: NOPAT/IC]",0.12180833111288747,2,"31% gross margin [tier 2/3, src: info.grossMargins]",0.31499,2,16% 3-yr CAGR [tier 2/3],0.1631543559703441,1,"6% reinvested [tier 1/3, src: direct]",0.06221786264496115,0.15841239195688672,33.115856,,0.31499,1.369,114.07,284.54,,,,,,,2,,False,9,80.22,0.01,1.12,297.08B,7,NEUTRAL,NONE,NONE,0,0,0,0,0,0,P/E 33x justified: iROIC 167%,1,WATCH,-1,10.29655990510083,2.548080808080808,25226000000.0,12392000000.0,STEADY,0,-0.384827539723164,0.15297900018583907,0.1273654853894662,0.1674315740412575,15.3%  11.7%↓  12.5%↑  12.9%↑  12.7%↓,NEUTRAL,11,,,,no_data,,,,,0
134,SNDK,31.1,D,5,Technology,Computer Hardware,6.4,1,2,2,1,"13.1% ROIC [tier 1/3, src: tangible NOPAT/IC (goodwill-adjusted)]",0.13050830889540566,1,"35% gross margin [tier 1/3, src: info.grossMargins]",0.34807998,1,10% 2-yr CAGR [tier 1/3],0.09932312697218015,2,"15% reinvested [tier 2/3, src: direct]",0.14962481050152143,-0.013439354236663602,7.0152135,,0.34807998,,7.96,619.42,,,,,,,10,,True,6,81.98,-4.24,5.84,90.90B,7,NEUTRAL,NONE,NONE,0,0,0,0,0,0,,0,WATCH,-1,8.047619047619047,3.537313432835821,2370000000.0,1481000000.0,ACCELERATING,5,36.352257359872844,2.156825396825397,2.156825396825397,0.0,48.0%  -1.0%↓  5.3%↑  27.1%↑  215.7%↑,NEUTRAL,11,,,,no_data,,,,,0
135,AMP,30.8,D,5,Financial Services,Asset Management,10.1,6,1,6,2,"21.3% ROIC [tier 2/3, src: NOPAT/IC]",0.21348962121635986,3,"21% ROE proxy [tier 3/3, financial sector]",0.56184,1,9% 3-yr CAGR [tier 1/3],0.09030445218644934,1,"1% reinvested [tier 1/3, src: direct]",0.008566442550141669,0.4315477632821368,9.466886,,0.56184,1.271,57.597,441.52,,,,,,,2,,False,6,89.06,-1.11,3.16,40.22B,7,NEUTRAL,NONE,NONE,0,0,0,0,0,0,,0,SAFE,0,14.815950920245399,0.24801950030469225,1221000000.0,10103000000.0,STEADY,0,-0.4315057178588757,0.30591694329652463,0.24257371454148716,0.20706021730100455,30.6%  14.0%↓  25.6%↑  22.3%↓  24.3%↑,NEUTRAL,10,,,,no_data,,,,,0
136,CIEN,30.3,D,2,Technology,Communication Equipment,5.4,1,2,2,1,"4.2% ROIC [tier 1/3, src: NOPAT/IC]",0.041979114198262266,1,"42% gross margin [tier 1/3, src: info.grossMargins]",0.42125,1,10% 3-yr CAGR [tier 1/3],0.09500526254009078,2,"19% reinvested [tier 2/3, src: direct]",0.19302775377566211,0.12983108425072318,48.188873,,0.42125,1.09,56.931,399.91,,,,,,,10,,True,6,97.7,-3.06,3.62,56.21B,7,NEUTRAL,NONE,NONE,0,0,0,0,0,0,P/E 48x justified: iROIC 99%,1,STRESS,-8,3.38686195022013,4.494232261210738,2027483000.0,1091952000.0,STEADY,0,1.6256946718649918,0.10283323910737097,0.10283323910737097,0.0,4.4%  1.9%↓  4.1%↑  6.4%↑  10.3%↑,UPGRADING,14,,,,no_data,,,,,0
137,SYF,30.2,D,5,Financial Services,Credit Services,10.2,6,3,18,2,"21.3% ROIC [tier 2/3, src: info.returnOnEquity (proxy)]",0.21304001,3,"21% ROE proxy [tier 3/3, financial sector]",0.0,1,9% 3-yr CAGR [tier 1/3],0.0866934224036191,3,"88% reinvested [tier 3/3, src: direct]",0.876099996,,6.2516427,,0.0,1.412,,65.51,,,,,,,1,,False,6,106.46,-2.0,4.49,22.72B,7,NEUTRAL,NONE,NONE,0,0,0,0,0,0,,0,SAFE,0,,,15391000000.0,14973000000.0,UNKNOWN,0,,,,,,NEUTRAL,10,,,,no_data,,,,,0
138,TT,30.1,D,6,Industrials,Building Products & Equipment,17.1,6,1,6,3,"46.6% ROIC [tier 3/3, src: tangible NOPAT/IC (goodwill-adjusted)]",0.4657333907900798,2,"36% gross margin [tier 2/3, src: info.grossMargins]",0.36161,1,10% 3-yr CAGR [tier 1/3],0.10063610722538807,1,"2% reinvested [tier 1/3, src: direct]",0.01796275188539445,0.13185973087672714,24.4851,,0.36161,1.188,63.247,413.23,,,,,,,2,,False,6,88.82,-0.56,1.25,90.80B,7,NEUTRAL,NONE,NONE,0,0,0,0,0,0,,0,SAFE,0,17.500661667401854,1.3999355388263461,6080900000.0,1763300000.0,AT_TROUGH,3,1.1362140465081088,0.621431081081081,0.38456989167422023,0.3811543976764117,38.3%  46.0%↑  62.1%↑  57.1%↓  38.5%↓,STRONG DOWNGRADE,1,,,,no_data,,,,,0
