,Solved value,Revenue CAGR 2026-36,AI revenue 2036 ($bn),AI share of revenue 2036,AI EBIT margin 2036 (book),AI economic ROIC 2036,Group incremental ROIC 2027-36,Capex/revenue avg 2027-31,FCF conversion avg 2027-36,AI program IRR
(base model),-,0.09306275493601368,211.02975869694836,0.34449434856860234,-0.1457715136461274,-0.04978999348737859,0.3367708605814187,0.5087981777092627,0.4960907884011846,
AI monetisation scale (x base AI revenue growth),2.077,0.12359200632979062,405.30934942850706,0.5023305336570419,0.13824339291994472,0.064667142622454,0.3012744251432996,0.5083764267354213,0.49256874486198915,0.043424353514336364
Ads AI-uplift share of ad revenue (terminal),39.91%,0.11078821974587827,317.93902974637166,0.44189649313896634,0.15677344427839882,0.0819612406142328,0.5138812066365773,0.47134759177743807,0.5920591528595531,0.03666991691919556
Core ad growth shift (pp every year),+2.75%,0.11859239839048152,255.028859862869,0.33049131860214725,-0.02802153218130016,-0.009674387615534017,0.5103380615618422,0.4916739638016767,0.5243070504763426,-0.4241417284797139
Core margin shift (pp),+17.20%,0.09306275493601368,211.02975869694836,0.34449434856860234,-0.1457715136461274,-0.04978999348737859,0.500390078691544,0.5087981777092627,0.6202359015089829,
AI variable-cost shift (pp; negative = higher AI margin),"no solution in [-0.25, 0.6] (range 626-282 $/sh)",,,,,,,,,
Explicit AI capex scale,0.416,0.09306275493601368,211.02975869694836,0.34449434856860234,0.10788321264348869,0.05022943366066048,0.605683275046004,0.30476298950299857,0.7908360027162622,-0.0074517396748714805
AI terminal RONIC override,"no solution in [0.1, 1.5] (range 504-531 $/sh)",,,,,,,,,
WACC shift (pp),-1.54% (WACC 7.96%),0.09306275493601368,211.02975869694836,0.34449434856860234,-0.1457715136461274,-0.04978999348737859,0.3367708605814187,0.5087981777092627,0.4960907884011846,
Terminal growth,5.81%,0.09306275493601368,211.02975869694836,0.34449434856860234,-0.15186472022018924,-0.053151695166630666,0.3192048893798958,0.5087981777092627,0.4897328106573259,
Price erosion per year of age,"no solution in [0.0, 0.4] (range 541-430 $/sh)",,,,,,,,,
Revenue per $/GW of new AI capacity (x base),"no solution in [0.3, 5.0] (range 326-626 $/sh)",,,,,,,,,
Training spend growth after 2029 (policy),"no solution in [-0.4, 0.1] (range 619-307 $/sh)",,,,,,,,,
Accelerator economic life (years),none <=10y (10y gives $653),,,,,,,,,
