,Downside $/sh,Upside $/sh,Down Δ,Up Δ,Swing
Core ad growth (-2pp / +2pp),384.2728738968849,681.2562338089051,-137.68110286254614,159.30225704947406,296.9833599120202
Ads AI uplift share 2031+ (20% / 36%),413.7677476748713,663.8900274271189,-108.18622908455973,141.93605066768782,250.12227975224755
WACC (+1pp / -1pp),427.02176682939916,653.5370315983683,-94.93220993003189,131.5830548389373,226.5152647689692
"AI capex, explicit years (x1.2 / x0.8)",444.280545247689,599.8862801515604,-77.67343151174202,77.93230339212937,155.6057349038714
Training spend after 2029 (+3%/yr / -12%/yr),432.9074306629927,565.3597428340627,-89.04654609643836,43.40576607463163,132.45231217107
AI monetisation (uplift & new products x0.6 / x1.4),462.2896846702176,593.4109462130247,-59.66429208921346,71.45696945359362,131.12126154280708
Monetisation timing (2y delay / none),407.93064567627545,521.953976759431,-114.0233310831556,0.0,114.0233310831556
Accelerator economic life (4y / 6y),457.5642837457636,569.8650386812836,-64.38969301366745,47.91106192185259,112.30075493552005
Core margin (-4pp / +4pp),469.4227171559907,574.4852363628713,-52.53125960344033,52.531259603440276,105.06251920688061
AI incremental margin (var cost +10pp / -10pp),470.9455876784527,572.9623658404093,-51.00838908097836,51.008389080978304,102.01677816195667
Terminal growth (2% / 4%),482.88137490922765,575.3883028614098,-39.0726018502034,53.43432610197874,92.50692795218214
New AI product revenue (x0.5 / x2),540.0173650617478,476.15411113157273,18.063388302316753,-45.79986562785831,63.86325393017506
Revenue per $/GW of new capacity (x0.7 / x1.3),488.16813710270935,539.619922829072,-33.78583965672169,17.665946069640995,51.45178572636269
AI hurdle premium (2pp / 0pp),533.5656539038542,507.81730809642124,11.611677144423197,-14.1366686630098,25.748345807432997
Price erosion per year of age (18% / 6%),509.331697489727,532.8209921903185,-12.622279269704052,10.867015430887477,23.48929470059153
