,2027,2028,2029,2030,2031,2032,2033,2034,2035,2036
Revenue,390.34000000000003,459.7479482334571,536.6376342225017,615.991639992927,695.9224016717335,772.5531305707771,822.0691583776941,885.4187695187336,943.1080318278428,994.4731746176122
  of which AI,81.1,120.67557323345707,166.4387795975016,214.68163788480203,263.1315982194585,308.49396991676645,327.23818600594603,360.9620046065407,390.47896497506395,414.5277028735678
EBIT (reported),175.4193393416016,199.56693679033808,219.84101776840126,237.89885209484484,268.62828502877693,296.88602893933887,279.18879405902317,327.18740836751033,352.93075118539605,377.92849831540894
"EPS (operating, ex interest)",18.796217508079753,21.18882905484909,23.557746582001215,25.951217569593112,29.606880876827567,32.72130964116369,30.770807947365462,36.06097780394604,38.898281716670006,41.65340976056926
Core (maintenance + non-AI growth) capex,-36.146100000000004,-40.229326500000006,-44.54800839750002,-48.9093031900875,-53.2903769789745,-57.61195919426899,-61.795520941030105,-65.75227118623941,-69.39993974503409,-72.91266718844746
AI capex - growth,-148.5,-176.85,-330.02448319454174,-189.28828504030622,-172.37439389078324,-151.34782464458985,-81.4646245079191,-91.36448730985363,-72.21684463270552,-39.4578445006203
AI capex - refresh,-5.500000000000001,-18.150000000000006,-31.900000000000006,-62.150000000000006,-84.7,-107.25000000000001,-213.41346575699797,-166.25855677216842,-179.5059166399308,-186.29650908466974
Total capex,-190.1461,-235.2293265,-406.4724915920418,-300.3475882303937,-310.3647708697577,-316.2097838388588,-356.67361120594717,-323.37531526826143,-321.1227010176704,-298.6670207737375
Capex / revenue,0.4871294256289388,0.5116484530357317,0.7574431341941804,0.48758387083604304,0.4459761176306503,0.4093049025705675,0.43387299909148996,0.3652230180799431,0.3404940793424278,0.3003268749693312
D&A (core + AI book),-62.06335000000001,-86.30025341666668,-120.31614291766653,-163.38686351978825,-194.3176045824755,-223.17531543660607,-275.2694031178316,-272.1446705726636,-288.6390868661062,-301.2169308620456
FCF,25.720375337036415,25.283409238590053,-81.3055781005354,67.7520017859543,111.7060231763877,155.65661337543514,156.5113235747927,219.85097488382715,257.95288744410124,309.8678183119631
FCF / net income,0.183922094663577,0.16038204303607664,-0.46388855833451226,0.3509065356386524,0.5071203038711531,0.6393872387356825,0.6836501744901201,0.8194415131010291,0.891326955637688,0.9998917387592647
Group ROIC,0.22742667510236156,0.23148044361810236,0.19499322230123617,0.17171515456670514,0.17446789993955622,0.17807579317063743,0.15741768464026512,0.17643565259783642,0.18521936323122054,0.1964564459818064
