,2022,2023,2024,2025,2026,2027,2028,2029,2030,2031,2032,2033,2034,2035,2036
AI revenue,0.3,1.3,7.3,21.5,48.6,81.1,120.67557323345707,166.4387795975016,214.68163788480203,263.1315982194585,308.49396991676645,327.23818600594603,360.9620046065407,390.47896497506395,414.5277028735678
Variable cost,-0.036,-0.12,-0.82,-2.54,-5.96,-9.951999999999998,-14.821068788014848,-20.532653551700193,-26.681796546176244,-32.85579178633502,-38.77927639001197,-44.068582320713524,-48.67544055278488,-52.69747579700768,-55.98332434482814
Power & site ops,-0.07965277742705454,-0.21473849749668178,-0.8984286286184334,-2.1090308891503864,-4.477687500000001,-7.492991720898395,-11.273817500000003,-17.85022481114461,-21.563317217573577,-25.69118375721215,-29.406515064938045,-34.19010141581049,-34.63149186619184,-36.54696546939177,-37.67085255272164
AI talent / 3P compute / R&D opex,-0.5,-0.5,-1.0,-3.0,-8.0,-14.0,-17.0,-17.5,-17.0,-15.3,-15.6,-16.0,-16.4,-16.8,-17.2
AI EBITDA,-0.3156527774270545,0.4652615025033181,4.581571371381567,13.850969110849613,30.162312499999995,49.6550082791016,77.58068694544221,110.55590123465679,149.4365241210522,189.28462267591132,224.70817846181643,232.979502269422,261.255072187564,284.43452370866447,303.6735259760181
Accounting D&A (book),-0.2291666666666667,-1.0006666666666668,-3.139500000000001,-7.864733333333335,-16.676633333333335,-30.3542,-48.02056666666667,-74.99352214641651,-106.860602008182,-128.49601798120077,-148.1083428147705,-170.1685123347061,-175.52887656935124,-185.6652243258376,-192.56277327133944
Write-offs (early retirement),-0.0,-0.0,-0.0,-0.0,-0.6875000000000001,-1.3750000000000002,-4.537500000000003,-7.975000000000001,-15.537500000000001,-21.174999999999997,-26.8125,-53.35336643924949,-41.5646391930421,-44.876479159982715,-47.62282588863113
Residual value proceeds,0.0,0.0,0.0,0.0,0.15750000000000003,0.31500000000000006,1.0395000000000003,1.8270000000000004,3.5595,4.851000000000001,6.142500000000002,12.222771220628067,9.522080978769646,10.280793407559672,10.90995647630458
AI EBIT (reported),-0.5448194440937212,-0.5354051641633487,1.4420713713815658,5.986235777516278,12.95567916666666,18.240808279101604,26.06212027877554,29.414379088240278,30.5979221128702,44.46460469471056,55.92983564704592,21.680394716094483,53.6836374039403,64.17361363040382,74.3978832923521
Economic depreciation,-0.5185,-1.6395000000000002,-5.229600000000001,-11.798600000000004,-24.491100000000003,-41.8408,-63.612500000000004,-103.70453890727399,-134.58164538362203,-159.8886132187734,-182.73097245178255,-213.73813637455683,-215.69039565172747,-227.21193531473904,-233.79729211840905
AI EBIT (economic),-0.8341527774270545,-1.174238497496682,-0.6480286286184347,2.052369110849609,5.671212499999992,7.814208279101599,13.968186945442206,6.851362327382802,14.85487873743017,29.39600945713792,41.97720601003388,19.24136589486517,45.564676535836526,57.222588393925435,69.87623385760904
Tax depreciation,-2.7500000000000004,-5.5538461538461545,-18.311538461538465,-32.416923076923084,-63.291538461538465,-87.05846153846154,-111.26692307692308,-219.53038883392108,-175.92958966810963,-191.21543875938298,-204.05716530049276,-273.41477063234043,-232.5820975294294,-236.28217917271257,-225.83304141008
Cash taxes,0.5518174999368698,0.9159452372417105,2.4713940762282416,3.341871713893225,5.934910673076924,6.675921586684789,5.876412503666556,19.28654776786757,4.128041798470337,-0.5256331049751023,-4.822832369038261,5.0782494856122655,-6.875110014642762,-10.517964829832081,-15.97507938760368
Book tax (at ETR),0.0980674999368698,0.09637292954940274,-0.25957284684868176,-1.0775224399529293,-2.332022249999998,-3.283345490238288,-4.6911816501795975,-5.29458823588325,-5.507625980316636,-8.0036288450479,-10.067370416468265,-3.902471048897006,-9.663054732709249,-11.551250453472683,-13.391618992623371
AI capex - growth,-5.0,-10.0,-33.0,-58.0,-110.24999999999999,-148.5,-176.85,-330.02448319454174,-189.28828504030622,-172.37439389078324,-151.34782464458985,-81.4646245079191,-91.36448730985363,-72.21684463270552,-39.4578445006203
AI capex - refresh/replacement,-0.0,-0.0,-0.0,-0.0,-2.7500000000000004,-5.500000000000001,-18.150000000000006,-31.900000000000006,-62.150000000000006,-84.7,-107.25000000000001,-213.41346575699797,-166.25855677216842,-179.5059166399308,-186.29650908466974
AI capex - total,-5.000000000000001,-10.000000000000002,-33.00000000000001,-58.0,-113.0,-154.0,-195.0,-361.9244831945418,-251.4382850403062,-257.0743938907832,-258.5978246445898,-294.8780902649171,-257.62304408202203,-251.72276127263632,-225.75435358529003
AI FCF,-4.763835277490186,-8.618793260254973,-25.9470345523902,-40.80715917525716,-76.74527682692309,-97.35407013421361,-110.50340055089123,-230.25503419201743,-94.31421912078365,-63.46440431984698,-32.569978551811644,-44.59756728925475,6.278999069668851,32.474591013755756,72.85404947942897
AI invested capital (book),4.770833333333334,13.770166666666668,43.63066666666667,93.76593333333334,189.40180000000004,311.6726,454.1145333333333,733.0704943814586,862.1106774135827,969.5140533231654,1053.1910351529846,1124.547246643946,1165.0767749635747,1186.2578327503907,1171.8265871757103
AI invested capital (economic),4.4815000000000005,12.842,40.6124,86.81380000000001,175.1652,287.00939999999997,417.3574,673.7503442872678,787.0474839439519,879.3822646159618,949.1066168087691,1018.0237994785012,1050.4343669300263,1064.6643994803637,1045.71150447094
AI ROIC (book),-0.09364232890623958,-0.04735798873997583,0.04120144101971402,0.07145319953424391,0.0750343747969401,0.05970156443379791,0.055814305825620504,0.04063358329035723,0.03145761318674506,0.039812714075985085,0.04534765398264674,0.016326960696607006,0.03845223692257096,0.04475957016436049,0.051742222444810165
AI ROIC (economic),-0.15262864609844579,-0.11116409131495127,-0.019881748760330917,0.02641438999038941,0.035502038331316585,0.02772826887874545,0.03252258140293554,0.010298006109605165,0.01667718876532269,0.028929785699857786,0.03765000627338485,0.01604155972898678,0.036126459182164214,0.04436910770143633,0.054301711515904
AI incremental ROIC (vs 2026),,,,,,0.01755539621113869,0.030758167586278893,0.0023343126507711985,0.012563376779464954,0.027703831586548777,0.03800922679294092,0.0130516570874604,0.03621701386617391,0.045622661847596224,0.05696624723910103
Monetised capacity utilisation,0.5101010040993288,0.37194864882242723,0.7463668939852467,0.8560711082040677,0.92,0.9146557234921572,0.92,0.8374646030527508,0.7336322057477943,0.7463145699261517,0.7542563781182632,0.7346548609297339,0.7538897027483137,0.759488875382022,0.7671054113764842
