company,scenario,year,revenue,asset_margin,platform,overhead,interest,tax,pref,fcf
CEG,Low,2027,21.299,10.112,1.02,0.459,0.729,1.989,0.0,7.955
CEG,Low,2028,22.286,11.095,1.04,0.468,0.729,2.188,0.0,8.751
CEG,Low,2029,18.734,7.246,1.061,0.478,0.729,1.415,0.0,5.686
CEG,Low,2030,15.936,4.271,1.082,0.487,0.729,0.806,0.0,3.331
CEG,Base,2027,21.384,10.203,1.02,0.459,0.729,2.007,0.0,8.028
CEG,Base,2028,22.372,11.188,1.04,0.468,0.729,2.206,0.0,8.825
CEG,Base,2029,21.049,9.541,1.061,0.478,0.729,1.879,0.0,7.516
CEG,Base,2030,20.214,8.437,1.082,0.487,0.729,1.661,0.0,6.643
CEG,High,2027,21.468,10.294,1.02,0.459,0.729,2.025,0.0,8.101
CEG,High,2028,22.458,11.281,1.04,0.468,0.729,2.225,0.0,8.899
CEG,High,2029,23.393,11.891,1.061,0.478,0.729,2.349,0.0,9.396
CEG,High,2030,24.562,12.792,1.082,0.487,0.729,2.532,0.0,10.126
CEG,Extreme,2027,21.569,10.405,1.02,0.459,0.729,2.047,0.0,8.189
CEG,Extreme,2028,22.562,11.393,1.04,0.468,0.729,2.247,0.0,8.989
CEG,Extreme,2029,26.861,15.369,1.061,0.478,0.729,3.045,0.0,12.179
CEG,Extreme,2030,31.062,19.301,1.082,0.487,0.729,3.834,0.0,15.334
VST,Low,2027,16.917,7.677,1.492,0.357,1.286,1.505,0.186,5.836
VST,Low,2028,15.5,6.901,1.522,0.364,1.286,1.355,0.186,5.233
VST,Low,2029,13.301,4.467,1.553,0.371,1.286,0.864,0.186,3.312
VST,Low,2030,11.775,2.851,1.584,0.379,1.286,0.537,0.186,2.047
VST,Base,2027,16.998,7.765,1.492,0.357,1.286,1.523,0.186,5.906
VST,Base,2028,15.583,6.99,1.522,0.364,1.286,1.373,0.186,5.304
VST,Base,2029,14.94,6.068,1.553,0.371,1.286,1.193,0.186,4.585
VST,Base,2030,14.829,5.768,1.584,0.379,1.286,1.137,0.186,4.364
VST,High,2027,17.079,7.853,1.492,0.357,1.286,1.54,0.186,5.976
VST,High,2028,15.666,7.08,1.522,0.364,1.286,1.39,0.186,5.376
VST,High,2029,16.658,7.793,1.553,0.371,1.286,1.538,0.186,5.965
VST,High,2030,18.041,8.986,1.584,0.379,1.286,1.781,0.186,6.939
VST,Extreme,2027,17.176,7.959,1.492,0.357,1.286,1.562,0.186,6.061
VST,Extreme,2028,15.765,7.189,1.522,0.364,1.286,1.412,0.186,5.463
VST,Extreme,2029,19.284,10.429,1.553,0.371,1.286,2.065,0.186,8.074
VST,Extreme,2030,22.998,13.954,1.584,0.379,1.286,2.774,0.186,10.912
