company,basis,horizon_yrs,scenario,drc_bn,pv_fcf_bn,cum_fcf_bn,value_ps,price,price_vs_value
CEG,like,0,Low,134.2,0.0,0.0,336.5,263.93,-0.216
CEG,like,0,Base,134.2,0.0,0.0,336.5,263.93,-0.216
CEG,like,0,High,134.2,0.0,0.0,336.5,263.93,-0.216
CEG,like,0,Extreme,134.2,0.0,0.0,336.5,263.93,-0.216
CEG,like,3,Low,134.2,19.47,22.39,391.5,263.93,-0.326
CEG,like,3,Base,134.2,21.05,24.37,395.9,263.93,-0.333
CEG,like,3,High,134.2,22.66,26.4,400.5,263.93,-0.341
CEG,like,3,Extreme,134.2,25.02,29.36,407.2,263.93,-0.352
CEG,like,5,Low,134.2,24.1,29.06,404.6,263.93,-0.348
CEG,like,5,Base,134.2,30.31,37.73,422.1,263.93,-0.375
CEG,like,5,High,134.2,36.81,46.79,440.4,263.93,-0.401
CEG,like,5,Extreme,134.2,46.46,60.27,467.7,263.93,-0.436
CEG,like,7,Low,134.2,27.94,35.64,415.4,263.93,-0.365
CEG,like,7,Base,134.2,38.29,51.38,444.6,263.93,-0.406
CEG,like,7,High,134.2,49.06,67.76,475.0,263.93,-0.444
CEG,like,7,Extreme,134.2,65.1,92.19,520.3,263.93,-0.493
CEG,like,10,Low,134.2,32.49,45.28,428.3,263.93,-0.384
CEG,like,10,Base,134.2,48.21,72.43,472.6,263.93,-0.442
CEG,like,10,High,134.2,64.45,100.44,518.5,263.93,-0.491
CEG,like,10,Extreme,134.2,88.67,142.23,586.8,263.93,-0.55
CEG,func,0,Low,53.58,0.0,0.0,109.0,263.93,1.421
CEG,func,0,Base,53.58,0.0,0.0,109.0,263.93,1.421
CEG,func,0,High,53.58,0.0,0.0,109.0,263.93,1.421
CEG,func,0,Extreme,53.58,0.0,0.0,109.0,263.93,1.421
CEG,func,3,Low,53.58,19.47,22.39,164.0,263.93,0.61
CEG,func,3,Base,53.58,21.05,24.37,168.4,263.93,0.567
CEG,func,3,High,53.58,22.66,26.4,173.0,263.93,0.526
CEG,func,3,Extreme,53.58,25.02,29.36,179.6,263.93,0.469
CEG,func,5,Low,53.58,24.1,29.06,177.0,263.93,0.491
CEG,func,5,Base,53.58,30.31,37.73,194.6,263.93,0.356
CEG,func,5,High,53.58,36.81,46.79,212.9,263.93,0.24
CEG,func,5,Extreme,53.58,46.46,60.27,240.1,263.93,0.099
CEG,func,7,Low,53.58,27.94,35.64,187.9,263.93,0.405
CEG,func,7,Base,53.58,38.29,51.38,217.1,263.93,0.216
CEG,func,7,High,53.58,49.06,67.76,247.5,263.93,0.067
CEG,func,7,Extreme,53.58,65.1,92.19,292.7,263.93,-0.098
CEG,func,10,Low,53.58,32.49,45.28,200.7,263.93,0.315
CEG,func,10,Base,53.58,48.21,72.43,245.1,263.93,0.077
CEG,func,10,High,53.58,64.45,100.44,290.9,263.93,-0.093
CEG,func,10,Extreme,53.58,88.67,142.23,359.3,263.93,-0.265
VST,like,0,Low,69.52,0.0,0.0,125.9,138.76,0.102
VST,like,0,Base,69.52,0.0,0.0,125.9,138.76,0.102
VST,like,0,High,69.52,0.0,0.0,125.9,138.76,0.102
VST,like,0,Extreme,69.52,0.0,0.0,125.9,138.76,0.102
VST,like,3,Low,69.52,12.58,14.38,162.8,138.76,-0.148
VST,like,3,Base,69.52,13.72,15.8,166.1,138.76,-0.165
VST,like,3,High,69.52,14.93,17.32,169.7,138.76,-0.182
VST,like,3,Extreme,69.52,16.75,19.6,175.0,138.76,-0.207
VST,like,5,Low,69.52,15.47,18.54,171.3,138.76,-0.19
VST,like,5,Base,69.52,19.84,24.63,184.1,138.76,-0.246
VST,like,5,High,69.52,24.66,31.34,198.2,138.76,-0.3
VST,like,5,Extreme,69.52,32.03,41.62,219.8,138.76,-0.369
VST,like,7,Low,69.52,18.0,22.88,178.7,138.76,-0.223
VST,like,7,Base,69.52,25.25,33.88,199.9,138.76,-0.306
VST,like,7,High,69.52,33.17,45.92,223.2,138.76,-0.378
VST,like,7,Extreme,69.52,45.34,64.42,258.9,138.76,-0.464
VST,like,10,Low,69.52,21.1,29.44,187.8,138.76,-0.261
VST,like,10,Base,69.52,31.97,48.15,219.7,138.76,-0.368
VST,like,10,High,69.52,43.76,68.36,254.2,138.76,-0.454
VST,like,10,Extreme,69.52,61.86,99.42,307.3,138.76,-0.548
VST,func,0,Low,45.13,0.0,0.0,54.4,138.76,1.552
VST,func,0,Base,45.13,0.0,0.0,54.4,138.76,1.552
VST,func,0,High,45.13,0.0,0.0,54.4,138.76,1.552
VST,func,0,Extreme,45.13,0.0,0.0,54.4,138.76,1.552
VST,func,3,Low,45.13,12.58,14.38,91.3,138.76,0.52
VST,func,3,Base,45.13,13.72,15.8,94.6,138.76,0.467
VST,func,3,High,45.13,14.93,17.32,98.2,138.76,0.413
VST,func,3,Extreme,45.13,16.75,19.6,103.5,138.76,0.341
VST,func,5,Low,45.13,15.47,18.54,99.7,138.76,0.391
VST,func,5,Base,45.13,19.84,24.63,112.6,138.76,0.233
VST,func,5,High,45.13,24.66,31.34,126.7,138.76,0.095
VST,func,5,Extreme,45.13,32.03,41.62,148.3,138.76,-0.064
VST,func,7,Low,45.13,18.0,22.88,107.2,138.76,0.295
VST,func,7,Base,45.13,25.25,33.88,128.4,138.76,0.081
VST,func,7,High,45.13,33.17,45.92,151.7,138.76,-0.085
VST,func,7,Extreme,45.13,45.34,64.42,187.3,138.76,-0.259
VST,func,10,Low,45.13,21.1,29.44,116.2,138.76,0.194
VST,func,10,Base,45.13,31.97,48.15,148.1,138.76,-0.063
VST,func,10,High,45.13,43.76,68.36,182.7,138.76,-0.241
VST,func,10,Extreme,45.13,61.86,99.42,235.8,138.76,-0.411
