company,scenario,year,energy_mm,capacity_mm,ppa_mm,zec_mm,ptc45u_mm,fuel_var_mm,nuc_cost_mm,fixed_mm,capex_mm,mothball_mm,cash_margin_mm
CEG,Low,2027,16301.6,2732.4,1822.9,442.3,0.0,-3005.5,-6549.3,-1202.5,-500.0,0.0,10042.0
CEG,Low,2028,16613.3,2723.9,2506.8,442.3,0.0,-3065.6,-6968.1,-1227.6,0.0,0.0,11024.9
CEG,Low,2029,14044.4,1740.5,2506.8,442.3,24.6,-3189.7,-7142.3,-1253.3,0.0,2.7,7176.0
CEG,Low,2030,12197.5,1232.0,2506.8,0.0,107.5,-3253.5,-7320.9,-1279.5,0.0,11.0,4200.8
CEG,Low,2031,12441.4,1256.7,2506.8,0.0,109.6,-3318.6,-7503.9,-1306.2,0.0,11.2,4196.9
CEG,Low,2032,12690.2,1281.8,2506.8,0.0,111.8,-3385.0,-7691.5,-1333.6,0.0,11.4,4192.0
CEG,Low,2033,12944.0,1307.4,2506.8,0.0,0.0,-3452.7,-7883.8,-1361.5,0.0,11.6,4072.0
CEG,Low,2034,13202.9,1333.6,2506.8,0.0,0.0,-3521.7,-8080.9,-1390.0,0.0,11.9,4062.6
CEG,Low,2035,13467.0,1360.3,2506.8,0.0,0.0,-3592.1,-8282.9,-1419.0,0.0,12.1,4052.0
CEG,Low,2036,14063.2,1432.5,2032.1,0.0,0.0,-3664.0,-8490.0,-1448.7,0.0,12.3,3937.4
CEG,Low,2037,14344.5,1461.2,2032.1,0.0,0.0,-3737.3,-8702.3,-1479.1,0.0,12.6,3931.7
CEG,Low,2038,14631.4,1490.4,2032.1,0.0,0.0,-3812.0,-8919.8,-1510.1,0.0,12.8,3924.8
CEG,Low,2039,14687.2,1432.4,2032.1,0.0,0.0,-3764.5,-9142.8,-1426.9,0.0,3.1,3820.7
CEG,Low,2040,14980.9,1461.1,2032.1,0.0,0.0,-3839.8,-9371.4,-1456.9,0.0,3.2,3809.3
CEG,Low,2041,15208.3,1454.9,2032.1,0.0,0.0,-3870.9,-9605.7,-1450.4,0.0,0.0,3768.4
CEG,Low,2042,15512.4,1484.0,2032.1,0.0,0.0,-3948.3,-9845.8,-1480.9,0.0,0.0,3753.5
CEG,Low,2043,15822.7,1513.7,2032.1,0.0,0.0,-4027.3,-10091.9,-1512.1,0.0,0.0,3737.2
CEG,Low,2044,16139.1,1544.0,2032.1,0.0,0.0,-4107.8,-10344.2,-1544.0,0.0,0.0,3719.2
CEG,Low,2045,16461.9,1574.9,2032.1,0.0,0.0,-4190.0,-10602.9,-1576.5,0.0,0.0,3699.6
CEG,Low,2046,11975.7,1215.5,2032.1,0.0,0.0,-708.5,-10867.9,-635.5,0.0,0.0,3011.3
CEG,Low,2047,13194.0,1331.9,683.9,0.0,0.0,-722.7,-11139.6,-650.0,0.0,0.0,2697.5
CEG,Low,2048,13954.6,1412.2,0.0,0.0,0.0,-737.2,-11418.1,-664.8,0.0,0.0,2546.7
CEG,Low,2049,14233.7,1440.4,0.0,0.0,0.0,-751.9,-11703.6,-679.9,0.0,0.0,2538.8
CEG,Low,2050,14518.3,1469.3,0.0,0.0,0.0,-766.9,-11996.2,-695.3,0.0,0.0,2529.1
CEG,Low,2051,13714.9,1481.6,0.0,0.0,0.0,0.0,-12296.1,-501.2,0.0,0.0,2399.2
CEG,Low,2052,13989.2,1511.2,0.0,0.0,0.0,0.0,-12603.5,-513.2,0.0,0.0,2383.7
CEG,Low,2053,14268.9,1541.4,0.0,0.0,0.0,0.0,-12918.5,-525.5,0.0,0.0,2366.4
CEG,Low,2054,14554.3,1572.3,0.0,0.0,0.0,0.0,-13241.5,-538.0,0.0,0.0,2347.0
CEG,Low,2055,14274.9,1542.0,0.0,0.0,0.0,0.0,-13075.7,-550.9,0.0,0.0,2190.3
CEG,Base,2027,16386.0,2732.4,1822.9,442.3,0.0,-3005.5,-6549.3,-1202.5,-500.0,0.0,10126.3
CEG,Base,2028,16699.4,2723.9,2506.8,442.3,0.0,-3065.6,-6968.1,-1227.6,0.0,0.0,11111.0
CEG,Base,2029,15692.6,2407.8,2506.8,442.3,0.0,-3189.7,-7142.3,-1253.3,0.0,0.0,9464.1
CEG,Base,2030,15474.1,2233.6,2506.8,0.0,0.0,-3253.5,-7320.9,-1279.5,0.0,0.0,8360.5
CEG,Base,2031,15783.6,2278.2,2506.8,0.0,0.0,-3318.6,-7503.9,-1306.2,0.0,0.0,8439.8
CEG,Base,2032,16099.3,2323.8,2506.8,0.0,0.0,-3385.0,-7691.5,-1333.6,0.0,0.0,8519.8
CEG,Base,2033,16421.2,2370.3,2506.8,0.0,0.0,-3452.7,-7883.8,-1361.5,0.0,0.0,8600.4
CEG,Base,2034,16749.7,2417.7,2506.8,0.0,0.0,-3521.7,-8080.9,-1390.0,0.0,0.0,8681.5
CEG,Base,2035,17084.7,2466.0,2506.8,0.0,0.0,-3592.1,-8282.9,-1419.0,0.0,0.0,8763.3
CEG,Base,2036,17841.3,2581.4,2032.1,0.0,0.0,-3664.0,-8490.0,-1448.7,0.0,0.0,8852.0
CEG,Base,2037,18198.1,2633.1,2032.1,0.0,0.0,-3737.3,-8702.3,-1479.1,0.0,0.0,8944.6
CEG,Base,2038,18562.0,2685.7,2032.1,0.0,0.0,-3812.0,-8919.8,-1510.1,0.0,0.0,9038.0
CEG,Base,2039,18560.3,2571.2,2032.1,0.0,0.0,-3764.5,-9142.8,-1426.9,0.0,0.0,8829.4
CEG,Base,2040,18931.5,2622.6,2032.1,0.0,0.0,-3839.8,-9371.4,-1456.9,0.0,0.0,8918.2
CEG,Base,2041,19196.4,2623.2,2032.1,0.0,0.0,-3870.9,-9605.7,-1450.4,0.0,0.0,8924.7
CEG,Base,2042,19580.3,2675.7,2032.1,0.0,0.0,-3948.3,-9845.8,-1480.9,0.0,0.0,9013.0
CEG,Base,2043,19971.9,2729.2,2032.1,0.0,0.0,-4027.3,-10091.9,-1512.1,0.0,0.0,9101.8
CEG,Base,2044,20371.3,2783.8,2032.1,0.0,0.0,-4107.8,-10344.2,-1544.0,0.0,0.0,9191.2
CEG,Base,2045,20778.8,2839.4,2032.1,0.0,0.0,-4190.0,-10602.9,-1576.5,0.0,0.0,9281.0
CEG,Base,2046,15158.1,2295.9,2032.1,0.0,0.0,-708.5,-10867.9,-635.5,0.0,0.0,7274.1
CEG,Base,2047,16703.6,2515.5,683.9,0.0,0.0,-722.7,-11139.6,-650.0,0.0,0.0,7390.7
CEG,Base,2048,17668.1,2668.7,0.0,0.0,0.0,-737.2,-11418.1,-664.8,0.0,0.0,7516.8
CEG,Base,2049,18021.4,2722.1,0.0,0.0,0.0,-751.9,-11703.6,-679.9,0.0,0.0,7608.2
CEG,Base,2050,18381.8,2776.5,0.0,0.0,0.0,-766.9,-11996.2,-695.3,0.0,0.0,7700.0
CEG,Base,2051,17388.6,2800.8,0.0,0.0,0.0,0.0,-12296.1,-501.2,0.0,0.0,7392.1
CEG,Base,2052,17736.4,2856.8,0.0,0.0,0.0,0.0,-12603.5,-513.2,0.0,0.0,7476.5
CEG,Base,2053,18091.1,2913.9,0.0,0.0,0.0,0.0,-12918.5,-525.5,0.0,0.0,7561.0
CEG,Base,2054,18452.9,2972.2,0.0,0.0,0.0,0.0,-13241.5,-538.0,0.0,0.0,7645.6
CEG,Base,2055,18097.8,2913.4,0.0,0.0,0.0,0.0,-13075.7,-550.9,0.0,0.0,7384.6
CEG,High,2027,16470.4,2732.4,1822.9,442.3,0.0,-3005.5,-6549.3,-1202.5,-500.0,0.0,10210.7
CEG,High,2028,16785.5,2723.9,2506.8,442.3,0.0,-3065.6,-6968.1,-1227.6,0.0,0.0,11197.1
CEG,High,2029,17424.0,3019.8,2506.8,442.3,0.0,-3189.7,-7142.3,-1253.3,0.0,0.0,11807.5
CEG,High,2030,18920.5,3134.9,2506.8,0.0,0.0,-3253.5,-7320.9,-1279.5,0.0,0.0,12708.2
CEG,High,2031,19298.9,3197.6,2506.8,0.0,0.0,-3318.6,-7503.9,-1306.2,0.0,0.0,12874.5
CEG,High,2032,19684.9,3261.5,2506.8,0.0,0.0,-3385.0,-7691.5,-1333.6,0.0,0.0,13043.1
CEG,High,2033,20078.6,3326.7,2506.8,0.0,0.0,-3452.7,-7883.8,-1361.5,0.0,0.0,13214.1
CEG,High,2034,20480.1,3393.3,2506.8,0.0,0.0,-3521.7,-8080.9,-1390.0,0.0,0.0,13387.6
CEG,High,2035,20889.7,3461.1,2506.8,0.0,0.0,-3592.1,-8282.9,-1419.0,0.0,0.0,13563.5
CEG,High,2036,21810.4,3614.4,2032.1,0.0,0.0,-3664.0,-8490.0,-1448.7,0.0,0.0,13854.2
CEG,High,2037,22246.7,3686.7,2032.1,0.0,0.0,-3737.3,-8702.3,-1479.1,0.0,0.0,14046.9
CEG,High,2038,22691.6,3760.5,2032.1,0.0,0.0,-3812.0,-8919.8,-1510.1,0.0,0.0,14242.3
CEG,High,2039,22600.5,3597.9,2032.1,0.0,0.0,-3764.5,-9142.8,-1426.9,0.0,0.0,13896.4
CEG,High,2040,23052.5,3669.9,2032.1,0.0,0.0,-3839.8,-9371.4,-1456.9,0.0,0.0,14086.5
CEG,High,2041,23347.3,3677.3,2032.1,0.0,0.0,-3870.9,-9605.7,-1450.4,0.0,0.0,14129.7
CEG,High,2042,23814.2,3750.8,2032.1,0.0,0.0,-3948.3,-9845.8,-1480.9,0.0,0.0,14322.1
CEG,High,2043,24290.5,3825.8,2032.1,0.0,0.0,-4027.3,-10091.9,-1512.1,0.0,0.0,14517.1
CEG,High,2044,24776.3,3902.4,2032.1,0.0,0.0,-4107.8,-10344.2,-1544.0,0.0,0.0,14714.7
CEG,High,2045,25271.8,3980.4,2032.1,0.0,0.0,-4190.0,-10602.9,-1576.5,0.0,0.0,14915.0
CEG,High,2046,18404.5,3259.2,2032.1,0.0,0.0,-708.5,-10867.9,-635.5,0.0,0.0,11483.8
CEG,High,2047,20278.4,3578.0,683.9,0.0,0.0,-722.7,-11139.6,-650.0,0.0,0.0,12028.0
CEG,High,2048,21448.1,3795.0,0.0,0.0,0.0,-737.2,-11418.1,-664.8,0.0,0.0,12423.1
CEG,High,2049,21877.1,3870.9,0.0,0.0,0.0,-751.9,-11703.6,-679.9,0.0,0.0,12612.6
CEG,High,2050,22314.6,3948.4,0.0,0.0,0.0,-766.9,-11996.2,-695.3,0.0,0.0,12804.5
CEG,High,2051,21091.0,3979.0,0.0,0.0,0.0,0.0,-12296.1,-501.2,0.0,0.0,12272.7
CEG,High,2052,21512.8,4058.5,0.0,0.0,0.0,0.0,-12603.5,-513.2,0.0,0.0,12454.7
CEG,High,2053,21943.0,4139.7,0.0,0.0,0.0,0.0,-12918.5,-525.5,0.0,0.0,12638.8
CEG,High,2054,22381.9,4222.5,0.0,0.0,0.0,0.0,-13241.5,-538.0,0.0,0.0,12824.9
CEG,High,2055,21951.8,4139.9,0.0,0.0,0.0,0.0,-13075.7,-550.9,0.0,0.0,12465.0
CEG,Extreme,2027,16571.6,2732.4,1822.9,442.3,0.0,-3005.5,-6549.3,-1202.5,-500.0,0.0,10312.0
CEG,Extreme,2028,16888.9,2723.9,2506.8,442.3,0.0,-3065.6,-6968.1,-1227.6,0.0,0.0,11300.5
CEG,Extreme,2029,20000.1,3912.2,2506.8,442.3,0.0,-3189.7,-7142.3,-1253.3,0.0,0.0,15276.0
CEG,Extreme,2030,24073.1,4482.6,2506.8,0.0,0.0,-3253.5,-7320.9,-1279.5,0.0,0.0,19208.6
CEG,Extreme,2031,24554.6,4572.3,2506.8,0.0,0.0,-3318.6,-7503.9,-1306.2,0.0,0.0,19504.9
CEG,Extreme,2032,25045.7,4663.7,2506.8,0.0,0.0,-3385.0,-7691.5,-1333.6,0.0,0.0,19806.1
CEG,Extreme,2033,25546.6,4757.0,2506.8,0.0,0.0,-3452.7,-7883.8,-1361.5,0.0,0.0,20112.4
CEG,Extreme,2034,26057.5,4852.1,2506.8,0.0,0.0,-3521.7,-8080.9,-1390.0,0.0,0.0,20423.8
CEG,Extreme,2035,26578.7,4949.2,2506.8,0.0,0.0,-3592.1,-8282.9,-1419.0,0.0,0.0,20740.5
CEG,Extreme,2036,27738.9,5153.3,2032.1,0.0,0.0,-3664.0,-8490.0,-1448.7,0.0,0.0,21321.5
CEG,Extreme,2037,28293.6,5256.3,2032.1,0.0,0.0,-3737.3,-8702.3,-1479.1,0.0,0.0,21663.5
CEG,Extreme,2038,28859.5,5361.5,2032.1,0.0,0.0,-3812.0,-8919.8,-1510.1,0.0,0.0,22011.2
CEG,Extreme,2039,28607.3,5121.2,2032.1,0.0,0.0,-3764.5,-9142.8,-1426.9,0.0,0.0,21426.4
CEG,Extreme,2040,29179.4,5223.7,2032.1,0.0,0.0,-3839.8,-9371.4,-1456.9,0.0,0.0,21767.2
CEG,Extreme,2041,29509.6,5245.6,2032.1,0.0,0.0,-3870.9,-9605.7,-1450.4,0.0,0.0,21860.4
CEG,Extreme,2042,30099.8,5350.5,2032.1,0.0,0.0,-3948.3,-9845.8,-1480.9,0.0,0.0,22207.4
CEG,Extreme,2043,30701.8,5457.5,2032.1,0.0,0.0,-4027.3,-10091.9,-1512.1,0.0,0.0,22560.1
CEG,Extreme,2044,31315.9,5566.7,2032.1,0.0,0.0,-4107.8,-10344.2,-1544.0,0.0,0.0,22918.6
CEG,Extreme,2045,31942.2,5678.0,2032.1,0.0,0.0,-4190.0,-10602.9,-1576.5,0.0,0.0,23283.0
CEG,Extreme,2046,23133.6,4744.5,2032.1,0.0,0.0,-708.5,-10867.9,-635.5,0.0,0.0,17698.2
CEG,Extreme,2047,25478.5,5211.0,683.9,0.0,0.0,-722.7,-11139.6,-650.0,0.0,0.0,18861.1
CEG,Extreme,2048,26943.2,5527.8,0.0,0.0,0.0,-737.2,-11418.1,-664.8,0.0,0.0,19651.0
CEG,Extreme,2049,27482.1,5638.4,0.0,0.0,0.0,-751.9,-11703.6,-679.9,0.0,0.0,19985.1
CEG,Extreme,2050,28031.7,5751.1,0.0,0.0,0.0,-766.9,-11996.2,-695.3,0.0,0.0,20324.4
CEG,Extreme,2051,26421.0,5795.0,0.0,0.0,0.0,0.0,-12296.1,-501.2,0.0,0.0,19418.8
CEG,Extreme,2052,26949.4,5910.9,0.0,0.0,0.0,0.0,-12603.5,-513.2,0.0,0.0,19743.7
CEG,Extreme,2053,27488.4,6029.2,0.0,0.0,0.0,0.0,-12918.5,-525.5,0.0,0.0,20073.5
CEG,Extreme,2054,28038.1,6149.7,0.0,0.0,0.0,0.0,-13241.5,-538.0,0.0,0.0,20408.3
CEG,Extreme,2055,27501.7,6028.5,0.0,0.0,0.0,0.0,-13075.7,-550.9,0.0,0.0,19903.6
VST,Low,2027,13805.4,2346.0,765.8,0.0,0.0,-5452.7,-1921.7,-1938.9,0.0,0.0,7603.8
VST,Low,2028,12003.3,1785.3,1711.5,0.0,0.0,-5012.3,-1969.8,-1690.7,0.0,0.0,6827.3
VST,Low,2029,10328.2,1130.5,1842.6,0.0,40.2,-5208.6,-2019.0,-1724.5,0.0,3.7,4393.1
VST,Low,2030,9047.6,753.4,1973.6,0.0,85.8,-5312.7,-2069.5,-1759.0,0.0,58.3,2777.4
VST,Low,2031,9159.1,768.4,2104.7,0.0,77.2,-5419.0,-2121.2,-1794.2,0.0,59.4,2834.4
VST,Low,2032,9236.0,783.8,2301.2,0.0,63.0,-5527.4,-2174.3,-1830.1,0.0,60.6,2913.0
VST,Low,2033,9420.8,799.5,2301.2,0.0,0.0,-5637.9,-2228.6,-1866.7,0.0,61.8,2850.1
VST,Low,2034,9609.2,815.5,2301.2,0.0,0.0,-5750.7,-2284.3,-1904.0,0.0,63.1,2849.9
VST,Low,2035,9801.4,831.8,2301.2,0.0,0.0,-5865.7,-2341.4,-1942.1,0.0,64.3,2849.5
VST,Low,2036,9006.7,848.4,2301.2,0.0,0.0,-5300.2,-2400.0,-1624.4,0.0,16.9,2848.8
VST,Low,2037,9186.8,865.4,2301.2,0.0,0.0,-5406.2,-2460.0,-1656.9,0.0,17.3,2847.7
VST,Low,2038,9370.6,882.7,2301.2,0.0,0.0,-5514.3,-2521.5,-1690.0,0.0,17.6,2846.3
VST,Low,2039,9383.2,808.3,2301.2,0.0,0.0,-5539.0,-2584.5,-1643.2,0.0,18.0,2743.9
VST,Low,2040,9570.8,824.4,2301.2,0.0,0.0,-5649.8,-2649.1,-1676.1,0.0,18.3,2739.9
VST,Low,2041,9364.4,783.4,2301.2,0.0,0.0,-5478.0,-2715.4,-1579.2,0.0,0.0,2676.5
VST,Low,2042,9551.7,799.1,2301.2,0.0,0.0,-5587.5,-2783.2,-1610.8,0.0,0.0,2670.5
VST,Low,2043,9742.7,815.1,2301.2,0.0,0.0,-5699.3,-2852.8,-1643.0,0.0,0.0,2663.9
VST,Low,2044,9937.6,831.4,2301.2,0.0,0.0,-5813.3,-2924.1,-1675.8,0.0,0.0,2656.9
VST,Low,2045,10136.3,848.0,2301.2,0.0,0.0,-5929.5,-2997.2,-1709.3,0.0,0.0,2649.4
VST,Low,2046,3364.0,353.1,2301.2,0.0,0.0,-1184.6,-3072.2,-359.6,0.0,0.0,1401.9
VST,Low,2047,3431.3,360.1,2301.2,0.0,0.0,-1208.3,-3149.0,-366.8,0.0,0.0,1368.6
VST,Low,2048,5338.9,507.3,0.0,0.0,0.0,-1232.5,-3227.7,-374.1,0.0,0.0,1012.0
VST,Low,2049,5445.7,517.5,0.0,0.0,0.0,-1257.1,-3308.4,-381.6,0.0,0.0,1016.1
VST,Low,2050,5554.6,527.8,0.0,0.0,0.0,-1282.2,-3391.1,-389.2,0.0,0.0,1019.9
VST,Low,2051,3752.6,276.3,0.0,0.0,0.0,0.0,-3475.9,0.0,0.0,0.0,553.0
VST,Low,2052,3827.6,281.9,0.0,0.0,0.0,0.0,-3562.8,0.0,0.0,0.0,546.7
VST,Low,2053,3904.2,287.5,0.0,0.0,0.0,0.0,-3651.9,0.0,0.0,0.0,539.8
VST,Low,2054,2667.9,293.3,0.0,0.0,0.0,0.0,-2349.9,0.0,0.0,0.0,611.2
VST,Low,2055,2721.3,299.1,0.0,0.0,0.0,0.0,-2408.7,0.0,0.0,0.0,611.7
VST,Base,2027,13886.2,2346.0,765.8,0.0,0.0,-5452.7,-1921.7,-1938.9,0.0,0.0,7684.7
VST,Base,2028,12086.1,1785.3,1711.5,0.0,0.0,-5012.3,-1969.8,-1690.7,0.0,0.0,6910.1
VST,Base,2029,11549.1,1548.4,1842.6,0.0,0.0,-5208.6,-2019.0,-1724.5,0.0,0.0,5988.0
VST,Base,2030,11439.2,1415.7,1973.6,0.0,0.0,-5312.7,-2069.5,-1759.0,0.0,0.0,5687.3
VST,Base,2031,11581.9,1444.1,2104.7,0.0,0.0,-5419.0,-2121.2,-1794.2,0.0,0.0,5796.2
VST,Base,2032,11682.0,1472.9,2301.2,0.0,0.0,-5527.4,-2174.3,-1830.1,0.0,0.0,5924.5
VST,Base,2033,11915.6,1502.4,2301.2,0.0,0.0,-5637.9,-2228.6,-1866.7,0.0,0.0,5986.1
VST,Base,2034,12154.0,1532.4,2301.2,0.0,0.0,-5750.7,-2284.3,-1904.0,0.0,0.0,6048.6
VST,Base,2035,12397.0,1563.1,2301.2,0.0,0.0,-5865.7,-2341.4,-1942.1,0.0,0.0,6112.2
VST,Base,2036,11418.4,1594.4,2301.2,0.0,0.0,-5300.2,-2400.0,-1624.4,0.0,0.0,5989.5
VST,Base,2037,11646.8,1626.2,2301.2,0.0,0.0,-5406.2,-2460.0,-1656.9,0.0,0.0,6051.2
VST,Base,2038,11879.7,1658.8,2301.2,0.0,0.0,-5514.3,-2521.5,-1690.0,0.0,0.0,6113.9
VST,Base,2039,11840.0,1515.4,2301.2,0.0,0.0,-5539.0,-2584.5,-1643.2,0.0,0.0,5890.0
VST,Base,2040,12076.8,1545.7,2301.2,0.0,0.0,-5649.8,-2649.1,-1676.1,0.0,0.0,5948.8
VST,Base,2041,11776.7,1492.4,2301.2,0.0,0.0,-5478.0,-2715.4,-1579.2,0.0,0.0,5797.8
VST,Base,2042,12012.2,1522.2,2301.2,0.0,0.0,-5587.5,-2783.2,-1610.8,0.0,0.0,5854.1
VST,Base,2043,12252.5,1552.6,2301.2,0.0,0.0,-5699.3,-2852.8,-1643.0,0.0,0.0,5911.3
VST,Base,2044,12497.5,1583.7,2301.2,0.0,0.0,-5813.3,-2924.1,-1675.8,0.0,0.0,5969.2
VST,Base,2045,12747.5,1615.4,2301.2,0.0,0.0,-5929.5,-2997.2,-1709.3,0.0,0.0,6027.9
VST,Base,2046,4252.2,673.2,2301.2,0.0,0.0,-1184.6,-3072.2,-359.6,0.0,0.0,2610.3
VST,Base,2047,4337.3,686.7,2301.2,0.0,0.0,-1208.3,-3149.0,-366.8,0.0,0.0,2601.1
VST,Base,2048,6740.0,968.7,0.0,0.0,0.0,-1232.5,-3227.7,-374.1,0.0,0.0,2874.5
VST,Base,2049,6874.8,988.1,0.0,0.0,0.0,-1257.1,-3308.4,-381.6,0.0,0.0,2915.8
VST,Base,2050,7012.3,1007.9,0.0,0.0,0.0,-1282.2,-3391.1,-389.2,0.0,0.0,2957.6
VST,Base,2051,4724.3,529.7,0.0,0.0,0.0,0.0,-3475.9,0.0,0.0,0.0,1778.1
VST,Base,2052,4818.8,540.2,0.0,0.0,0.0,0.0,-3562.8,0.0,0.0,0.0,1796.2
VST,Base,2053,4915.2,551.0,0.0,0.0,0.0,0.0,-3651.9,0.0,0.0,0.0,1814.4
VST,Base,2054,3386.2,562.1,0.0,0.0,0.0,0.0,-2349.9,0.0,0.0,0.0,1598.3
VST,Base,2055,3453.9,573.3,0.0,0.0,0.0,0.0,-2408.7,0.0,0.0,0.0,1618.6
VST,High,2027,13967.1,2346.0,765.8,0.0,0.0,-5452.7,-1921.7,-1938.9,0.0,0.0,7765.6
VST,High,2028,12168.9,1785.3,1711.5,0.0,0.0,-5012.3,-1969.8,-1690.7,0.0,0.0,6992.9
VST,High,2029,12881.3,1933.7,1842.6,0.0,0.0,-5208.6,-2019.0,-1724.5,0.0,0.0,7705.4
VST,High,2030,14054.4,2012.6,1973.6,0.0,0.0,-5312.7,-2069.5,-1759.0,0.0,0.0,8899.4
VST,High,2031,14229.7,2052.9,2104.7,0.0,0.0,-5419.0,-2121.2,-1794.2,0.0,0.0,9052.8
VST,High,2032,14352.3,2093.9,2301.2,0.0,0.0,-5527.4,-2174.3,-1830.1,0.0,0.0,9215.8
VST,High,2033,14639.4,2135.8,2301.2,0.0,0.0,-5637.9,-2228.6,-1866.7,0.0,0.0,9343.2
VST,High,2034,14932.2,2178.5,2301.2,0.0,0.0,-5750.7,-2284.3,-1904.0,0.0,0.0,9472.9
VST,High,2035,15230.8,2222.1,2301.2,0.0,0.0,-5865.7,-2341.4,-1942.1,0.0,0.0,9604.9
VST,High,2036,14025.8,2266.5,2301.2,0.0,0.0,-5300.2,-2400.0,-1624.4,0.0,0.0,9269.0
VST,High,2037,14306.3,2311.9,2301.2,0.0,0.0,-5406.2,-2460.0,-1656.9,0.0,0.0,9396.4
VST,High,2038,14592.4,2358.1,2301.2,0.0,0.0,-5514.3,-2521.5,-1690.0,0.0,0.0,9526.0
VST,High,2039,14480.9,2155.8,2301.2,0.0,0.0,-5539.0,-2584.5,-1643.2,0.0,0.0,9171.3
VST,High,2040,14770.5,2199.0,2301.2,0.0,0.0,-5649.8,-2649.1,-1676.1,0.0,0.0,9295.8
VST,High,2041,14355.5,2135.6,2301.2,0.0,0.0,-5478.0,-2715.4,-1579.2,0.0,0.0,9019.9
VST,High,2042,14642.6,2178.4,2301.2,0.0,0.0,-5587.5,-2783.2,-1610.8,0.0,0.0,9140.7
VST,High,2043,14935.5,2221.9,2301.2,0.0,0.0,-5699.3,-2852.8,-1643.0,0.0,0.0,9263.5
VST,High,2044,15234.2,2266.4,2301.2,0.0,0.0,-5813.3,-2924.1,-1675.8,0.0,0.0,9388.5
VST,High,2045,15538.9,2311.7,2301.2,0.0,0.0,-5929.5,-2997.2,-1709.3,0.0,0.0,9515.7
VST,High,2046,5167.1,961.5,2301.2,0.0,0.0,-1184.6,-3072.2,-359.6,0.0,0.0,3813.5
VST,High,2047,5270.5,980.7,2301.2,0.0,0.0,-1208.3,-3149.0,-366.8,0.0,0.0,3828.4
VST,High,2048,8196.7,1379.4,0.0,0.0,0.0,-1232.5,-3227.7,-374.1,0.0,0.0,4741.8
VST,High,2049,8360.6,1407.0,0.0,0.0,0.0,-1257.1,-3308.4,-381.6,0.0,0.0,4820.5
VST,High,2050,8527.8,1435.2,0.0,0.0,0.0,-1282.2,-3391.1,-389.2,0.0,0.0,4900.4
VST,High,2051,5755.0,748.4,0.0,0.0,0.0,0.0,-3475.9,0.0,0.0,0.0,3027.6
VST,High,2052,5870.1,763.4,0.0,0.0,0.0,0.0,-3562.8,0.0,0.0,0.0,3070.7
VST,High,2053,5987.5,778.7,0.0,0.0,0.0,0.0,-3651.9,0.0,0.0,0.0,3114.3
VST,High,2054,4104.5,794.2,0.0,0.0,0.0,0.0,-2349.9,0.0,0.0,0.0,2548.8
VST,High,2055,4186.6,810.1,0.0,0.0,0.0,0.0,-2408.7,0.0,0.0,0.0,2588.0
VST,Extreme,2027,14064.2,2346.0,765.8,0.0,0.0,-5452.7,-1921.7,-1938.9,0.0,0.0,7862.7
VST,Extreme,2028,12268.2,1785.3,1711.5,0.0,0.0,-5012.3,-1969.8,-1690.7,0.0,0.0,7092.3
VST,Extreme,2029,14928.5,2513.1,1842.6,0.0,0.0,-5208.6,-2019.0,-1724.5,0.0,0.0,10332.0
VST,Extreme,2030,18098.8,2925.5,1973.6,0.0,0.0,-5312.7,-2069.5,-1759.0,0.0,0.0,13856.7
VST,Extreme,2031,18321.9,2984.1,2104.7,0.0,0.0,-5419.0,-2121.2,-1794.2,0.0,0.0,14076.2
VST,Extreme,2032,18475.7,3043.7,2301.2,0.0,0.0,-5527.4,-2174.3,-1830.1,0.0,0.0,14289.0
VST,Extreme,2033,18845.3,3104.6,2301.2,0.0,0.0,-5637.9,-2228.6,-1866.7,0.0,0.0,14517.9
VST,Extreme,2034,19222.2,3166.7,2301.2,0.0,0.0,-5750.7,-2284.3,-1904.0,0.0,0.0,14751.1
VST,Extreme,2035,19606.6,3230.0,2301.2,0.0,0.0,-5865.7,-2341.4,-1942.1,0.0,0.0,14988.7
VST,Extreme,2036,18017.4,3294.6,2301.2,0.0,0.0,-5300.2,-2400.0,-1624.4,0.0,0.0,14288.7
VST,Extreme,2037,18377.7,3360.5,2301.2,0.0,0.0,-5406.2,-2460.0,-1656.9,0.0,0.0,14516.5
VST,Extreme,2038,18745.3,3427.7,2301.2,0.0,0.0,-5514.3,-2521.5,-1690.0,0.0,0.0,14748.5
VST,Extreme,2039,18515.1,3131.8,2301.2,0.0,0.0,-5539.0,-2584.5,-1643.2,0.0,0.0,14181.4
VST,Extreme,2040,18885.4,3194.4,2301.2,0.0,0.0,-5649.8,-2649.1,-1676.1,0.0,0.0,14406.1
VST,Extreme,2041,18277.4,3124.2,2301.2,0.0,0.0,-5478.0,-2715.4,-1579.2,0.0,0.0,13930.3
VST,Extreme,2042,18642.9,3186.6,2301.2,0.0,0.0,-5587.5,-2783.2,-1610.8,0.0,0.0,14149.3
VST,Extreme,2043,19015.8,3250.4,2301.2,0.0,0.0,-5699.3,-2852.8,-1643.0,0.0,0.0,14372.3
VST,Extreme,2044,19396.1,3315.4,2301.2,0.0,0.0,-5813.3,-2924.1,-1675.8,0.0,0.0,14599.5
VST,Extreme,2045,19784.0,3381.7,2301.2,0.0,0.0,-5929.5,-2997.2,-1709.3,0.0,0.0,14830.8
VST,Extreme,2046,6512.3,1406.3,2301.2,0.0,0.0,-1184.6,-3072.2,-359.6,0.0,0.0,5603.5
VST,Extreme,2047,6642.6,1434.4,2301.2,0.0,0.0,-1208.3,-3149.0,-366.8,0.0,0.0,5654.2
VST,Extreme,2048,10357.0,2017.2,0.0,0.0,0.0,-1232.5,-3227.7,-374.1,0.0,0.0,7539.9
VST,Extreme,2049,10564.1,2057.6,0.0,0.0,0.0,-1257.1,-3308.4,-381.6,0.0,0.0,7674.6
VST,Extreme,2050,10775.4,2098.7,0.0,0.0,0.0,-1282.2,-3391.1,-389.2,0.0,0.0,7811.5
VST,Extreme,2051,7311.7,1093.8,0.0,0.0,0.0,0.0,-3475.9,0.0,0.0,0.0,4929.7
VST,Extreme,2052,7458.0,1115.7,0.0,0.0,0.0,0.0,-3562.8,0.0,0.0,0.0,5010.9
VST,Extreme,2053,7607.1,1138.0,0.0,0.0,0.0,0.0,-3651.9,0.0,0.0,0.0,5093.3
VST,Extreme,2054,5130.6,1160.8,0.0,0.0,0.0,0.0,-2349.9,0.0,0.0,0.0,3941.5
VST,Extreme,2055,5233.2,1184.0,0.0,0.0,0.0,0.0,-2408.7,0.0,0.0,0.0,4008.6
