company,price_shift,pjm_cap,nav_ps
CEG,-20,100,35.22
CEG,-20,175,46.08
CEG,-20,230,54.34
CEG,-20,325,68.61
CEG,-20,450,89.15
CEG,-10,100,87.8
CEG,-10,175,100.13
CEG,-10,230,109.32
CEG,-10,325,125.2
CEG,-10,450,146.08
CEG,0,100,151.01
CEG,0,175,163.54
CEG,0,230,172.73
CEG,0,325,188.6
CEG,0,450,209.49
CEG,10,100,214.84
CEG,10,175,227.37
CEG,10,230,236.56
CEG,10,325,252.44
CEG,10,450,273.33
CEG,20,100,278.68
CEG,20,175,291.21
CEG,20,230,300.4
CEG,20,325,316.28
CEG,20,450,337.16
CEG,30,100,342.52
CEG,30,175,355.05
CEG,30,230,364.24
CEG,30,325,380.11
CEG,30,450,401.0
CEG,40,100,406.35
CEG,40,175,418.88
CEG,40,230,428.07
CEG,40,325,443.95
CEG,40,450,464.83
VST,-20,100,-20.61
VST,-20,175,-13.32
VST,-20,230,-7.88
VST,-20,325,1.51
VST,-20,450,13.87
VST,-10,100,7.77
VST,-10,175,15.19
VST,-10,230,20.63
VST,-10,325,30.02
VST,-10,450,42.38
VST,0,100,43.47
VST,0,175,50.89
VST,0,230,56.32
VST,0,325,65.72
VST,0,450,78.07
VST,10,100,80.14
VST,10,175,87.55
VST,10,230,92.99
VST,10,325,102.38
VST,10,450,114.74
VST,20,100,116.8
VST,20,175,124.22
VST,20,230,129.65
VST,20,325,139.05
VST,20,450,151.41
VST,30,100,153.47
VST,30,175,160.88
VST,30,230,166.32
VST,30,325,175.71
VST,30,450,188.07
VST,40,100,190.13
VST,40,175,197.55
VST,40,230,202.99
VST,40,325,212.38
VST,40,450,224.74
